id;SMILES;y
CHEMBL526383;CCC(C)C1/N=C(/O)CC2/N=C(/O)C(CO)/N=C(/O)C3CCCN3C(=O)C(CSSCC(C(=O)O)/N=C(/O)C(C)/N=C(/O)C(Cc3c[nH]c4ccccc34)/N=C(/O)C3CCCN3C(=O)C(C(C)O)/N=C(/O)C(CC(N)=O)/N=C(/O)C(Cc3c[nH]c4ccccc34)/N=C(/O)C/N=C(/O)C3CCCN3C1=O)/N=C(/O)C/N=C(/O)C(Cc1c[nH]c3ccccc13)/N=C(/O)C1CCCN1C(=O)C(CC(C)C)/N=C(/O)C/N=C/2O;-2.6434526764861874
CHEMBL502203;CC(C)(C)C1CCC2(CC1)CCN(c1ccc(OC(F)(F)F)cc1)C(=O)N2Cc1ccc(C(=O)Nc2nn[nH]n2)cc1;-1.6668055742359058
CHEMBL17370;CSc1ccc(-c2nc(-c3ccncc3)c(-c3ccc(F)cc3)[nH]2)cc1;-2.379598898537057
CHEMBL17722;COC(=O)c1ccc(-c2nc(-c3ccncc3)c(-c3ccc(F)cc3)[nH]2)cc1;-3.2087613381083777
CHEMBL17396;N#Cc1ccc(-c2nc(-c3ccncc3)c(-c3ccc(F)cc3)[nH]2)cc1;-3.1130472188829925
CHEMBL17736;Nc1ccc(-c2nc(-c3ccncc3)c(-c3ccc(F)cc3)[nH]2)cc1;-2.57352883551418
CHEMBL24388;CCCCCc1c(C(C)C)nc(C(C)C)c(CO)c1-c1ccc(F)cc1O;-2.178967423500227
CHEMBL25066;CCCCCc1c(C(C)C)nc(C(C)C)c(CO)c1-c1ccccc1O;-2.6989700043360187
CHEMBL24527;CCCCCc1c(C(C)C)nc(C(C)C)c(CO)c1-c1ccc(F)c(CO)c1;-4.278753600952829
CHEMBL24905;CCCCCc1c(C(C)C)nc(C(C)C)c(CO)c1-c1ccc(F)cc1F;-4.041392685158225
CHEMBL24616;CCCCCc1c(C(C)C)nc(C(C)C)c(CO)c1-c1ccc(F)cc1;-2.7235790156711097
CHEMBL26238;CCCCCc1c(C(C)C)nc(C(C)C)c(CO)c1-c1ccc(C)cc1;-3.0
CHEMBL25255;CCCCCc1c(C(C)C)nc(C(C)C)c(CO)c1-c1ccccc1F;-3.9542425094393248
CHEMBL25115;CCCCCc1c(C(C)C)nc(C(C)C)c(CO)c1-c1ccccc1;-3.146128035678238
CHEMBL25137;CCCCCc1c(C(C)C)nc(C(C)C)c(CO)c1-c1cccc(F)c1;-3.4771212547196626
CHEMBL25637;CCCc1c(C(C)C)nc(C(C)C)c(C(C)O)c1-c1ccc(F)cc1;-2.065576240874429
CHEMBL25421;CCCCCc1c(C(C)C)nc(C(C)C)c(CO)c1-c1cccc(O)c1;-3.778151250383644
CHEMBL265337;O=C(O)CCNC(=O)c1ccc2c(c1)CCC2N(C(=O)Nc1ccc(OC(F)(F)F)cc1)c1ccc(C2CCCCC2)cc1;-2.0544853584397402
CHEMBL62444;CC(C)(C)C1CCC(N(Cc2ccc(C(=O)NCCC(=O)O)cc2)C(=O)Nc2ccc(OC(F)(F)F)cc2)CC1;-1.6758007888687758
CHEMBL84759;Cc1cnccc1-c1nc(-c2ccc(Cl)cc2)[nH]c1-c1ccc(F)cc1;-2.1716452011767164
CHEMBL84840;CCCCc1ccc(-c2[nH]c(-c3ccc(Cl)cc3)nc2-c2ccncc2)cc1;-2.022661489393329
CHEMBL84952;Brc1ccc(-c2nc(-c3ccccc3)c(-c3ccccc3)[nH]2)cc1;-3.342422680822206
CHEMBL85009;Clc1ccc(-c2nc(-c3ccncc3)c(-c3ccc(Cl)cc3)[nH]2)cc1;-2.327697633481226
CHEMBL85102;Clc1ccc(-c2nc(-c3ccncc3)c(-c3ccc(-c4ccccc4)cc3)[nH]2)cc1;-3.08163741187823
CHEMBL84373;Oc1ccc(-c2[nH]c(-c3ccc(Br)cc3)nc2-c2ccccc2)cc1;-2.0
CHEMBL87588;Fc1ccc(-c2[nH]c(-c3ccc(Br)cc3)nc2-c2ccncc2)cc1;-2.6993210557653655
CHEMBL85534;Fc1ccc(-c2nc(-c3cccc(Br)c3)[nH]c2-c2ccncc2)cc1;-2.6615579552395245
CHEMBL87858;Fc1ccc(-c2nc(CCc3ccccc3)[nH]c2-c2ccncc2)cc1;-2.080012847107928
CHEMBL88044;CSc1ccc(-c2nc(-c3ccc(F)cc3)c(-c3ccncc3)o2)cc1;-2.969000990939471
CHEMBL85713;CSc1ccc(-c2nc(-c3ccncc3)c(-c3ccc(F)cc3)n2C)cc1;-2.934998107353725
CHEMBL88045;CSc1ccc(-c2nc(-c3ccc(F)cc3)c(-c3ccncc3)n2C)cc1;-2.716996074372699
CHEMBL85807;Clc1ccc(-c2nc(-c3cccc(Oc4ccccc4)c3)c(-c3ccncc3)[nH]2)cc1;-1.8776764647633317
CHEMBL85741;Fc1ccc(-c2[nH]c(-c3ccc(-c4ccccc4)cc3)nc2-c2ccncc2)cc1;-3.2390017117990686
CHEMBL86250;CC(C)c1ccc(-c2nc(-c3ccncc3)c(-c3ccc(F)cc3)[nH]2)cc1;-2.646546416333993
CHEMBL86086;CCCCOc1ccc(-c2nc(-c3ccc(Cl)cc3)[nH]c2-c2ccncc2)c(OCCCC)c1;-1.2685946131218224
CHEMBL87248;Fc1ccc(-c2[nH]c(-c3ccc(Br)o3)nc2-c2ccncc2)cc1;-2.279004961844902
CHEMBL87611;Clc1ccc(-c2nc(-c3cccc(-c4ccccc4)c3)c(-c3ccncc3)[nH]2)cc1;-2.67781676496479
CHEMBL87365;Fc1ccc(-c2nc(-c3ccccc3Br)[nH]c2-c2ccncc2)cc1;-1.95501390303805
CHEMBL104735;COc1cc(C(=O)NN=Cc2ccc(O)c3ccccc23)ccc1O;-2.8573324964312685
CHEMBL106058;COc1cc(C(=O)NN=Cc2ccc(O)c3ccccc23)cc(Cl)c1O;-4.778151250383644
CHEMBL104137;COc1cc(C(=O)NN=Cc2ccnc3ccccc23)ccc1O;-4.0
CHEMBL104761;COc1cc(C(=O)NN=Cc2cccc3ccccc23)ccc1O;-3.681241237375587
CHEMBL104338;COc1cc(C(=O)NN=Cc2ccc(OC)c3ccccc23)ccc1O;-3.462397997898956
CHEMBL106795;COc1cc(C(=O)NN=Cc2ccc(OC(F)(F)F)cc2)ccc1O;-4.633468455579586
CHEMBL108177;O=C(NN=Cc1ccc(O)c2ccccc12)c1cc2cc(O)ccc2[nH]1;-5.0
CHEMBL107069;O=C(NN=Cc1ccc(O)c2ccccc12)c1ccc(O)c(F)c1;-2.591064607026499
CHEMBL107070;O=C(NN=Cc1ccc(O)c2ccccc12)c1ccc(O)c(Cl)c1;-2.304263016788597
CHEMBL106320;COc1cc(C(=O)NN=Cc2ccc(C(C)C)cc2)ccc1O;-4.633468455579586
CHEMBL106134;COc1ccc(C=NNC(=O)c2ccc(O)cc2)c2ccccc12;-3.690196080028514
CHEMBL106294;COc1cc(C(=O)NN=Cc2ccc(N(C)C)c3ccccc23)ccc1O;-3.9084850188786495
CHEMBL106738;COc1ccc(C=NNC(=O)c2ccc(O)c(OC)c2)cc1O;-5.0
CHEMBL105565;COc1cc(C(=O)NN=Cc2ccc(-c3ccc(C)c(Cl)c3)o2)ccc1O;-4.079181246047625
CHEMBL107484;O=C(NN=Cc1ccc(O)c2ccccc12)c1ccc2nccnc2c1;-5.0
CHEMBL107473;O=C(NN=Cc1ccc(O)c2ccccc12)c1cc(Cl)c(O)c(Cl)c1;-4.531478917042255
CHEMBL107480;O=C(NN=Cc1ccc(O)c2ccccc12)c1ccc2[nH]ccc2c1;-5.0
CHEMBL107481;O=C(NN=Cc1ccc(O)c2ccccc12)c1ccc(O)c(CN2CCOCC2)c1;-5.0
CHEMBL107802;COc1cc(C(=O)NN=Cc2ccc(-c3ccccc3)cc2)ccc1O;-4.414973347970818
CHEMBL107795;O=C(NN=Cc1ccc(O)c2ccccc12)c1ccc(O)cc1O;-4.447158031342219
CHEMBL107258;COc1cc(C(=O)NN=Cc2c[nH]c3ccccc23)ccc1O;-4.361727836017593
CHEMBL106950;O=C(NN=Cc1ccc(O)c2ccccc12)c1ccc(O)nc1;-5.0
CHEMBL107045;COc1cc(C(=O)NN=Cc2cnc(O)nc2O)ccc1O;-5.0
CHEMBL107138;COc1cc(C(=O)NN=Cc2ccc(O)cc2)ccc1O;-5.0
CHEMBL107526;O=C(NN=Cc1ccc(O)c2ccccc12)c1ccc(O)cc1;-3.0791812460476247
CHEMBL107527;COc1cccc(C(=O)NN=Cc2ccc(OC)c3ccccc23)c1;-5.0
CHEMBL107388;O=C(NN=Cc1ccc(O)c2ccccc12)c1ccc(O)c(O)c1;-3.531478917042255
CHEMBL114761;CC(C)=Cc1c(C(C)C)nc(C(C)C)c(CO)c1-c1ccc(F)cc1;-3.573064017839119
CHEMBL114762;CCc1c(C(C)C)nc(C(C)C)c(C(C)O)c1-c1ccc(F)cc1O;-2.3762874945799766
CHEMBL114799;CCCCc1c(C(C)C)nc(C(C)C)c(C(C)O)c1-c1ccc(F)cc1O;-2.2235790156711097
CHEMBL116413;CCCc1c(C(C)C)nc(C(C)C)c(C(C)O)c1-c1ccccc1O;-2.0800365715277636
CHEMBL140317;COC(=O)c1c(C(C)C)nc(C(C)C)c(CO)c1-c1ccc(F)cc1;-3.977723605288848
CHEMBL140514;CCCc1c(C(C)C)nc(C(C)C)c(CO)c1-c1ccc(F)cc1;-2.6020599913279625
CHEMBL140267;Cc1c(C(C)C)nc(C(C)C)c(CO)c1-c1ccc(F)cc1;-3.8750612633917
CHEMBL140268;CCCCCCCc1c(C(C)C)nc(C(C)C)c(CO)c1-c1ccc(F)cc1;-2.845098040014257
CHEMBL140209;C=Cc1c(C(C)C)nc(C(C)C)c(CO)c1-c1ccc(F)cc1;-3.778151250383644
CHEMBL140636;CCCCCCCCc1c(C(C)C)nc(C(C)C)c(CO)c1-c1ccc(F)cc1;-3.255272505103306
CHEMBL142886;CCCCCc1c(C(C)C)nc(C(C)C)c(C(C)O)c1-c1ccc(F)cc1;-2.326606256887672
CHEMBL143609;CCc1c(C(C)C)nc(C(C)C)c(CO)c1-c1ccc(F)cc1;-3.0
CHEMBL143698;CCCCc1c(C(C)C)nc(C(C)C)c(CO)c1-c1ccc(F)cc1;-2.8750612633917
CHEMBL142589;CCCCCc1c(CC)nc(CC)c(CO)c1-c1ccccc1;-4.301029995663981
CHEMBL143664;CCCCCCc1c(C(C)C)nc(C(C)C)c(CO)c1-c1ccc(F)cc1;-2.544068044350276
CHEMBL142937;CCCCCc1c(C)nc(C)c(CO)c1-c1ccccc1;-4.301029995663981
CHEMBL142944;CCCCc1c(C(C)C)nc(C(C)C)c(C(C)O)c1-c1ccc(F)cc1;-2.397940008672037
CHEMBL152103;COc1cc(NC(=O)CCc2ccc(C(F)(F)F)cc2)ccc1C=NNC(=O)c1ccc(O)c(Cl)c1;-1.4256903339827982
CHEMBL152207;O=C(NN=Cc1ccc(OCC(=O)N2CC=C(c3ccc(Br)cc3)CC2)c2ccccc12)c1ccc(O)c(Cl)c1;-0.8195439355418687
CHEMBL152293;Cc1cc(C)c(Cn2ccc3c(C=NNC(=O)c4ccc(O)c(Cl)c4)cccc32)c(C)c1;-0.7634279935629373
CHEMBL152461;CC(C)CS(=O)(=O)c1ccc(C=NNC(=O)c2ccc(O)c(Cl)c2)c2ccccc12;-2.257678574869185
CHEMBL152464;O=C(NN=Cc1ccc(C(=O)NCCc2ccc(Cl)cc2)c2ccccc12)c1ccc(O)c(Cl)c1;-0.7708520116421442
CHEMBL152409;O=C(NN=Cc1ccc(OCCNCCc2ccc(Br)cc2)c2ccccc12)c1ccc(O)c(Cl)c1;-1.294466226161593
CHEMBL152640;Cc1cc(C)c(C)c(Cn2ccc3c(C=NNC(=O)c4ccc(O)c(C#N)c4)cccc32)c1C;-0.3617278360175928
CHEMBL152477;N#Cc1cc(C(=O)NN=Cc2ccc(N(C(=O)C3CCCC3)C(=O)C3CCCC3)c3ccccc23)ccc1O;-0.4471580313422192
CHEMBL152579;O=C(NN=Cc1ccc(CN2CCN(Cc3ccc(Cl)cc3)CC2)c2ccccc12)c1ccc(O)c(Cl)c1;-1.9854264740830017
CHEMBL152184;O=C(NN=Cc1ccc(C(=O)N2CCN(Cc3ccc(Cl)cc3)CC2)c2ccccc12)c1ccc(O)c(Cl)c1;-1.0530784434834195
CHEMBL152348;COc1cc(C=NNC(=O)c2ccc(O)c(Cl)c2)ccc1NC(=O)Cc1csc2ccccc12;-1.8007170782823851
CHEMBL152537;O=C(NN=Cc1cn(Cc2ccc(OC(F)F)cc2)c2ccccc12)c1ccc(O)c(Cl)c1;-2.484299839346786
CHEMBL153950;O=C(NN=Cc1ccc(OCCNCc2ccc(Cl)c(Cl)c2)c2ccccc12)c1ccc(O)c(Cl)c1;-1.167317334748176
CHEMBL153879;CN(C)CCN(Cc1ccccc1)C(=O)Cc1ccc(C=NNC(=O)c2ccc(O)c(C#N)c2)c2ccccc12;-1.0170333392987805
CHEMBL152747;O=C(COc1ccc(C=NNC(=O)c2ccc(O)c(Cl)c2)c2ccccc12)Nc1ccc(Cl)cc1;-1.7134905430939424
CHEMBL152691;N#Cc1cc(C(=O)NN=Cc2ccc(OCC(=O)N3CC=C(c4ccc(Br)cc4)CC3)c3ccccc23)ccc1O;-0.785329835010767
CHEMBL152765;COc1cc(C=NNC(=O)c2ccc(O)c(C#N)c2)cc(OC)c1OCc1ccc(C(C)C)cc1;-1.3010299956639813
CHEMBL153038;CC(C)c1ccc(Cn2ccc3c(C=NNC(=O)c4ccc(O)c(Cl)c4)cccc32)cc1;-1.643003561039737
CHEMBL153157;Cc1cc(C)c(C)c(Cn2ccc3c(C=NNC(=O)c4ccc(O)c(Cl)c4)cccc32)c1C;-0.724275869600789
CHEMBL153641;O=C(NN=Cc1ccc(CC(=O)N2CCN(c3ccccc3F)CC2)c2ccccc12)c1ccc(O)c(Cl)c1;-0.8976270912904414
CHEMBL153905;O=C(NN=Cc1ccc(CO)c2ccccc12)c1ccc(O)c(F)c1;-1.4683473304121573
CHEMBL153438;O=C(NN=Cc1ccc(CO)c2ccccc12)c1ccc(O)c(Cl)c1;-1.6138418218760693
CHEMBL153838;O=C(COc1ccc(C=NNC(=O)c2ccc(O)c(Cl)c2)c2ccccc12)NC1CCN(Cc2ccccc2)C1;-1.9508514588885464
CHEMBL154485;COc1cc(NC(=O)Cc2cccc(C(F)(F)F)c2)ccc1C=NNC(=O)c1ccc(O)c(C#N)c1;-1.6794278966121188
CHEMBL154437;O=C(NN=Cc1ccc2c(ccn2Cc2ccc(OC(F)(F)F)cc2)c1)c1ccc(O)c(Cl)c1;-2.456366033129043
CHEMBL154505;O=C(NN=Cc1ccc(OCCNCc2ccccc2OC(F)(F)F)c2ccccc12)c1ccc(O)c(Cl)c1;-1.734799829588847
CHEMBL154514;O=C(NN=Cc1ccc(CO)c2ccccc12)c1ccc(O)c(Cl)c1Cl;-1.730782275666389
CHEMBL155021;CC(C)S(=O)(=O)c1ccc(C=NNC(=O)c2ccc(O)c(Cl)c2)c2ccccc12;-2.552668216112193
CHEMBL155449;CN1CCN(C(=O)Cc2ccc(C=NNC(=O)c3ccc(O)c(Cl)c3)c3ccccc23)CC1;-2.428134794028789
CHEMBL154269;CCN(CC)C(=O)COc1ccc(C=NNC(=O)c2ccc(O)c(Cl)c2)c2ccccc12;-1.9051498705200847
CHEMBL154125;COc1ccc2oc(C(=O)Nc3ccc(C=NNC(=O)c4ccc(O)c(Cl)c4)c(OC)c3)cc2c1;-1.957128197676813
CHEMBL154460;CCN(CC)C(=O)c1ccc(C=NNC(=O)c2ccc(O)c(Cl)c2)c2ccccc12;-1.549003262025788
CHEMBL154400;CCC1CCCCN1C(=O)Cc1ccc(C=NNC(=O)c2ccc(O)c(Cl)c2)c2ccccc12;-0.8692317197309762
CHEMBL154316;O=C(NN=Cc1ccc(OCC(=O)N2CCC(O)(c3ccc(Br)cc3)CC2)c2ccccc12)c1ccc(O)c(Cl)c1;-1.0569048513364727
CHEMBL154149;N#Cc1cc(C(=O)NN=Cc2ccc(C(=O)N3CCN(Cc4ccc(Cl)cc4)CC3)c3ccccc23)ccc1O;-0.6901960800285137
CHEMBL154159;O=C(NN=Cc1ccc(CC(=O)N2CCN(Cc3ccc(Cl)cc3)CC2)c2ccccc12)c1ccc(O)c(Cl)c1;-0.6627578316815741
CHEMBL157000;COc1cc(NC(=O)Cc2ccc(Cl)cc2)ccc1C=NNC(=O)c1ccc(O)c(C#N)c1;-1.4578818967339924
CHEMBL156772;O=C(NN=Cc1ccc(OCC(=O)N2CCc3ccccc3C2)c2ccccc12)c1ccc(O)c(Cl)c1;-1.1398790864012365
CHEMBL156724;O=C(NN=Cc1ccc(N(C(=O)C2CCCC2)C(=O)C2CCCC2)c2ccccc12)c1ccc(O)c(Cl)c1;-0.5314789170422551
CHEMBL156961;O=C(O)c1cc(-c2ccc(Cl)cc2)[nH]c1-c1ccncc1;-3.4771212547196626
CHEMBL156904;O=C(NN=Cc1ccc(CC(=O)N2CCN(Cc3ccccc3)CC2)c2ccccc12)c1ccc(O)c(Cl)c1;-0.9637878273455552
CHEMBL155686;CCCOc1ccc(Cl)cc1-c1cc(-c2ccc(Cl)cc2)[nH]c1-c1ccncc1;-1.504300085880959
CHEMBL155065;CC1CCCCN1C(=O)Cc1ccc(C=NNC(=O)c2ccc(O)c(Cl)c2)c2ccccc12;-0.919078092376074
CHEMBL156207;CSc1ccc(-c2cc(-c3ccc(F)cc3)c(-c3ccncc3)[nH]2)cc1;-2.462397997898956
CHEMBL156458;CCCOc1ccccc1-c1cc(-c2ccc(Cl)cc2)[nH]c1-c1ccncc1;-2.167739284528053
CHEMBL156566;O=C(NCc1ccccc1)c1cc(-c2ccc(Cl)cc2)[nH]c1-c1ccncc1;-3.4771212547196626
CHEMBL156654;O=C(NN=Cc1cccc2c(CO)cccc12)c1ccc(O)c(Cl)c1;-2.3010299956639813
CHEMBL156828;COc1cc(C=NNC(=O)c2ccc(O)c(Cl)c2)ccc1NC(=O)COc1ccc(OC(F)(F)F)cc1;-1.863322860120456
CHEMBL156666;O=C(NN=Cc1cccc2c1ccn2Cc1ccc(C(F)(F)F)cc1)c1ccc(O)c(Cl)c1;-1.5289167002776547
CHEMBL156837;O=C(NN=Cc1ccc(NC(=O)C2CCCC2)c2ccccc12)c1ccc(O)c(Cl)c1;-1.5888317255942073
CHEMBL157913;CCN(CC)C(=O)Cn1ccc2c(C=NNC(=O)c3ccc(O)c(Cl)c3)cccc21;-3.404833716619938
CHEMBL155694;COc1ccc(-c2cc(-c3ccc(Cl)cc3)[nH]c2-c2ccncc2)cc1;-2.7550399452914043
CHEMBL158295;CC1CCCCN1C(=O)Cc1ccc(C=NNC(=O)c2ccc(O)c(C#N)c2)c2ccccc12;-1.0644579892269186
CHEMBL157280;CCN(CC)C(=O)Cc1ccc(C=NNC(=O)c2ccc(O)c(C#N)c2)c2ccccc12;-1.2174839442139065
CHEMBL157064;COc1ccc(C=NNC(=O)c2ccc(O)c(Cl)c2)c2ccccc12;-2.9395192526186187
CHEMBL157380;O=C(NN=Cc1ccc(NCc2ccc(Cl)cc2)c2ccccc12)c1ccc(O)c(Cl)c1;-0.919078092376074
CHEMBL159198;Clc1ccc(-c2cc(-c3ccc(Br)cc3)c(-c3ccncc3)[nH]2)cc1;-2.6619530984313227
CHEMBL158535;C=CCOc1ccccc1-c1cc(-c2ccc(Cl)cc2)[nH]c1-c1ccncc1;-2.440474094282417
CHEMBL158548;CC(C)c1cc(-c2ccc(Cl)cc2)[nH]c1-c1ccncc1;-2.342757286812716
CHEMBL158556;COc1cc(C=NNC(=O)c2ccc(O)c(O)c2)cc(OC)c1OCc1ccc(C(C)C)cc1;-3.431363764158988
CHEMBL158477;COc1cccc(-c2cc(-c3ccc(Cl)cc3)[nH]c2-c2ccncc2)c1;-2.35178908149685
CHEMBL158886;COc1cc(C=NNS(=O)(=O)c2ccc(O)c(Cl)c2)cc(OC)c1OCc1ccc(C(C)C)cc1;-4.893761762057943
CHEMBL158497;COc1cc(COC=NNC(=O)c2ccc(O)c(C#N)c2)cc(OC)c1C(C)C;-4.301029995663981
CHEMBL159071;COc1cc(C=NNC(=O)c2ccc(O)c(F)c2)cc(OC)c1OCc1ccc(C(C)C)cc1;-2.041392685158225
CHEMBL158753;COc1cc(C=NNC(=O)c2ccc(O)c(Cl)c2Cl)cc(OC)c1OCc1ccc(C(C)C)cc1;-1.4913616938342726
CHEMBL158989;N#Cc1ccc(-c2cc(-c3ccc(F)cc3)c(-c3ccncc3)[nH]2)cc1;-2.5117647066809234
CHEMBL158671;Fc1ccc(-c2cc(-c3ccccc3)[nH]c2-c2ccncc2)cc1;-2.7475328280748332
CHEMBL158676;CCCCOc1ccccc1-c1cc(-c2ccc(Cl)cc2)[nH]c1-c1ccncc1;-1.627636252551653
CHEMBL159163;Nc1ccc(-c2cc(-c3ccc(F)cc3)c(-c3ccncc3)[nH]2)cc1;-2.71256649876157
CHEMBL158330;COc1cc(C=NNC(=O)c2ccc(O)c([N+](=O)[O-])c2)cc(OC)c1OCc1ccc(C(C)C)cc1;-1.6989700043360187
CHEMBL159093;COc1cc(C=NNC(=O)c2ccc(O)c(Cl)c2)cc(OC)c1OCc1ccc(OC(F)(F)F)cc1;-2.255272505103306
CHEMBL160419;NC(=O)COc1ccc(C=NNC(=O)c2ccc(O)c(Cl)c2)c2ccccc12;-3.0791812460476247
CHEMBL160521;COc1cc(C(C)=NNC(=O)c2ccc(O)c(Cl)c2)cc(OC)c1OCc1ccc(C(C)C)cc1;-5.0
CHEMBL160525;O=[N+]([O-])c1ccc(-c2cc(-c3ccc(F)cc3)c(-c3ccncc3)[nH]2)cc1;-2.1276362525516532
CHEMBL160690;CCOC(=O)c1ccc(-c2cc(-c3ccc(F)cc3)c(-c3ccncc3)[nH]2)cc1;-2.67221283983406
CHEMBL160281;Fc1ccc(-c2cc(-c3cccc(Cl)c3)[nH]c2-c2ccncc2)cc1;-2.407232888752358
CHEMBL160138;COc1cc(C=NNC(=O)c2ccc(O)c(Cl)c2)ccc1OCc1ccc(C(C)C)cc1;-3.113943352306837
CHEMBL160289;Cc1ccc(-c2cc(-c3ccc(F)cc3)c(-c3ccncc3)[nH]2)cc1;-2.9894541500479623
CHEMBL160135;COc1cc(CCNC(=N)c2ccc(O)c(Cl)c2)cc(OC)c1OCc1ccc(C(C)C)cc1;-3.716003343634799
CHEMBL160372;Clc1ccc(-c2ccc(-c3ccncc3)[nH]2)cc1;-2.8116246451989504
CHEMBL160291;COc1cc(C=NNC(=O)c2ccc(O)c(N)c2)cc(OC)c1OCc1ccc(C(C)C)cc1;-2.9731278535996988
CHEMBL160627;Cc1cc(-c2ccc(F)cc2)c(-c2ccncc2)[nH]1;-2.991562704873123
CHEMBL160550;Clc1ccc(-c2cc(-c3ccccc3)c(-c3ccncc3)[nH]2)cc1;-2.2269797659248316
CHEMBL160380;COc1ccccc1-c1cc(-c2ccc(Cl)cc2)[nH]c1-c1ccncc1;-2.656022923470721
CHEMBL160561;CC(C)Oc1ccccc1-c1cc(-c2ccc(Cl)cc2)[nH]c1-c1ccncc1;-2.218081323520378
CHEMBL160715;Cc1cc(C=NNC(=O)c2ccc(O)c(Cl)c2)cc(C)c1OCc1ccc(C(C)C)cc1;-2.5185139398778875
CHEMBL160638;Fc1ccc(-c2cc(-c3ccc(Cl)cc3Cl)[nH]c2-c2ccncc2)cc1;-2.401262358982791
CHEMBL160652;CC(C)c1ccc(COc2ccc(C=NNC(=O)c3ccc(O)c(Cl)c3)cc2)cc1;-3.1760912590556813
CHEMBL160735;Clc1ccc(-c2cc(C3CCCCC3)c(-c3ccncc3)[nH]2)cc1;-2.7385606273598313
CHEMBL161401;COC(=O)C(Oc1c(OC)cc(C=NNC(=O)c2ccc(O)c(Cl)c2)cc1OC)c1ccccc1;-2.838849090737255
CHEMBL160238;CCc1ccc(-c2cc(-c3ccc(F)cc3)c(-c3ccncc3)[nH]2)cc1;-2.8511001151898516
CHEMBL161483;COc1cc(C=NNC(=O)c2ccc(O)c(F)c2F)cc(OC)c1OCc1ccc(C(C)C)cc1;-1.6812412373755872
CHEMBL160314;Fc1ccc(-c2cc[nH]c2-c2ccncc2)cc1;-3.0530767378754926
CHEMBL160401;COc1ccc(-c2cc(-c3ccc(F)cc3)c(-c3ccncc3)[nH]2)cc1;-3.109425724234768
CHEMBL160490;Clc1ccc(-c2cc(-c3ccc(Cl)cc3)c(-c3ccncc3)[nH]2)cc1;-2.4640754413395434
CHEMBL161505;CC(C)(C)c1nc(COc2ccc(C=NNC(=O)c3ccc(O)c(Cl)c3)c3ccccc23)no1;-2.204119982655925
CHEMBL161827;COc1cc(CNNC(=O)c2ccc(O)c(Cl)c2)cc(OC)c1OCc1ccc(C(C)C)cc1;-2.9444826721501687
CHEMBL161431;COc1cc(C=NNC(=O)c2ccc(O)c(Cl)c2)cc(OC)c1OCc1ccc(F)c(F)c1;-2.1760912590556813
CHEMBL178302;CCC(CC)C(=O)Nc1sc(-c2nnc(CC(C)C)o2)c(C)c1C#N;-3.506505032404872
CHEMBL178239;CCC(C)(C)C1CCc2c(sc(NC(=O)c3ccc(Br)cc3)c2C#N)C1;-4.301029995663981
CHEMBL178768;CCC(CC)C(=O)Nc1sc2c(c1C#N)CCC(N(Cc1ccc(Cl)cc1Cl)C(C)C)C2;-1.9407208609706965
CHEMBL179281;CCC(CC)C(=O)Nc1sc2c(c1C#N)CCC(C(C)(C)CC)C2;-2.1841341425842167
CHEMBL179181;CCC(CC)C(=O)Nc1sc2c(c1C#N)CCC(N(C)Cc1ccc(Cl)cc1Cl)C2;-1.8815641883995686
CHEMBL182148;CCC(CC)C(=O)Nc1sc2c(c1C#N)CCC(N(C)C1CCCc3ccccc31)C2;-2.0461014765391967
CHEMBL181669;CCC(CC)C(=O)Nc1sc2c(c1C#N)CCC(N(C)Cc1ccccc1)C2;-3.582063362911709
CHEMBL194794;CC(C)(C)C1CCC2(CC1)CN(C(C)(C)C)C(=O)N2Cc1ccc(C(=O)Nc2nn[nH]n2)cc1;-3.2208922492195198
CHEMBL196193;CC(C)(C)C1CCC2(CC1)CN(c1ccccc1)C(=O)N2Cc1ccc(C(=O)Nc2nn[nH]n2)cc1;-2.951337518795918
CHEMBL196560;CC(C)(C)C1CCC2(CC1)CN(c1cccc(OC(F)(F)F)c1)C(=O)N2Cc1ccc(C(=O)NCCC(=O)O)cc1;-2.2449792397124173
CHEMBL197718;CC(C)(C)C1CCC2(CC1)C(=O)N(c1ccc(OC(F)(F)F)cc1)C(=O)N2Cc1ccc(C(=O)NCCC(=O)O)cc1;-2.932473764677153
CHEMBL197642;CC(C)(C)C1CCC2(CC1)CN(c1ccccc1Cl)C(=O)N2Cc1ccc(C(=O)Nc2nn[nH]n2)cc1;-2.868644438394825
CHEMBL197340;CC(C)(C)C1CCC2(CC1)CN(c1ccc(F)cc1)C(=O)N2Cc1ccc(C(=O)Nc2nn[nH]n2)cc1;-2.518230606275724
CHEMBL196800;CC(C)(C)C1CCC(N(Cc2ccc(C(=O)Nc3nn[nH]n3)cc2)C(=O)Nc2ccc(OC(F)(F)F)cc2)CC1;-1.08395390500074
CHEMBL196844;CC(c1ccc(Br)cc1)N1CC2(CCC(C(C)(C)C)CC2)N(Cc2ccc(C(=O)Nc3nn[nH]n3)cc2)C1=O;-1.8459825513836803
CHEMBL198094;CC(C)(C)C1CCC2(CC1)CN(c1cccc(Cl)c1)C(=O)N2Cc1ccc(C(=O)NCCC(=O)O)cc1;-2.662090794234282
CHEMBL198259;CC(C)N1CC2(CCC(C(C)(C)C)CC2)N(Cc2ccc(C(=O)Nc3nn[nH]n3)cc2)C1=O;-3.4075608494863627
CHEMBL197850;CC(C)(C)C1CCC2(CC1)CN(c1ccc(C(F)(F)F)cc1)C(=O)N2Cc1ccc(C(=O)Nc2nn[nH]n2)cc1;-2.0917061059892132
CHEMBL197851;CC(C)(C)C1CCC2(CC1)CN(c1ccc(OC(F)(F)F)cc1)C(=O)N2Cc1ccc(C(=O)Nc2nn[nH]n2)cc1;-2.153373304038856
CHEMBL199013;CC(C)(C)C1CCC2(CC1)CN(c1cc(Cl)cc(Cl)c1)C(=O)N2Cc1ccc(C(=O)NCCC(=O)O)cc1;-2.1299044114773142
CHEMBL198214;CC(C)(C)C1CCC2(CC1)CN(c1ccc(Br)cc1)C(=O)N2Cc1ccc(C(=O)Nc2nn[nH]n2)cc1;-2.504682949173122
CHEMBL208053;O=C(c1ccc(OCCN2CCCC2)cc1)c1cccc2ccccc12;-4.740362689494244
CHEMBL217901;O=C(O)CCNC(=O)c1ccc(CN(C(=O)c2csc3ccc(Cl)cc23)C(c2ccccc2)c2ccccc2)cc1;-2.0644579892269186
CHEMBL219307;CC(C)(C)C1CCC(N(Cc2ccc(C(=O)NCCC(=O)O)cc2)C(=O)Nc2ccc(Cl)c(Cl)c2)CC1;-2.3541084391474008
CHEMBL219308;CCCCC(CC)N(Cc1ccc(C(=O)NCCC(=O)O)cc1)C(=O)Nc1ccc(OC(F)(F)F)cc1;-2.14921911265538
CHEMBL219743;CC(C)(C)C1CCC(N(Cc2ccc(C(=O)NCCC(N)=O)cc2)C(=O)Nc2ccc(OC(F)(F)F)cc2)CC1;-4.0
CHEMBL218740;CCCC1(CCC)CCC(N(Cc2ccc(C(=O)NCCC(=O)O)cc2)C(=O)Nc2ccc(OC(F)(F)F)cc2)CC1;-2.1367205671564067
CHEMBL218871;CC(C)(C)C1CCC(N(Cc2ccc(C(=O)NCCC(=O)O)cc2)C(=O)Nc2ccc(C#N)cc2OC(F)(F)F)CC1;-2.3324384599156054
CHEMBL218833;O=C(O)CCNC(=O)c1ccc(CN(C(=O)Nc2ccc(OC(F)(F)F)cc2)C2CCC(Oc3ccccc3)CC2)cc1;-2.722633922533812
CHEMBL218838;CC(C)C1CCC(N(Cc2ccc(C(=O)NCCC(=O)O)cc2)C(=O)Nc2ccc(OC(F)(F)F)cc2)CC1;-1.7708520116421442
CHEMBL219010;O=C(O)CCNC(=O)c1ccc(CN(C(=O)Nc2ccc(SC(F)(F)F)cc2)C2Cc3ccccc3C2)cc1;-2.418301291319745
CHEMBL219030;CC(C)c1ccc(NC(=O)N(Cc2ccc(C(=O)NCCC(=O)O)cc2)C2CCC(C(C)(C)C)CC2)cc1;-1.5440680443502757
CHEMBL219191;CC(C)(C)C1CCC(N(Cc2ccc(C(=O)NCC(=O)O)cc2)C(=O)Nc2ccc(OC(F)(F)F)cc2)CC1;-3.230448921378274
CHEMBL219252;CC(C)(C)C1CCC(N(Cc2ccc(C(=O)NCCC(=O)O)cc2)C(=O)Nc2ccc(OC(F)(F)F)cc2Br)CC1;-2.184691430817599
CHEMBL219384;CC(C)(C)c1ccc(N(Cc2ccc(C(=O)NCCC(=O)O)cc2)C(=O)Nc2ccc(OC(F)(F)F)cc2)cc1;-1.7692868669034278
CHEMBL219446;CCCCc1ccc(NC(=O)N(Cc2ccc(C(=O)NCCC(=O)O)cc2)C2Cc3ccccc3C2)cc1;-2.2528530309798933
CHEMBL219450;COCCCNC(=O)c1ccc(CN(C(=O)Nc2ccc(OC(F)(F)F)cc2)C2CCC(C(C)(C)C)CC2)cc1;-4.0
CHEMBL219814;CNC(=O)C1CCC(N(Cc2ccc(C(=O)NCCC(=O)O)cc2)C(=O)Nc2ccc(OC(F)(F)F)cc2)CC1;-4.0
CHEMBL219882;O=C(O)CCNC(=O)c1ccc(CN(CCC(c2ccccc2)c2ccccc2)C(=O)c2ccc(Cl)nc2)cc1;-3.845098040014257
CHEMBL220184;O=C(O)CCNC(=O)c1ccc(CN(C(=O)Nc2ccc(OC(F)(F)F)cc2)C2CCC(=C3CC3)CC2)cc1;-2.756636108245848
CHEMBL219968;O=C(O)CCNC(=O)c1ccc(CN(C(=O)Nc2cccc([N+](=O)[O-])c2)c2ccc(C3CCCCC3)cc2)cc1;-2.2227164711475837
CHEMBL266489;O=C(Nc1nn[nH]n1)c1ccc2c(c1)CCC2N(C(=O)Nc1ccc(OC(F)(F)F)cc1)c1ccc(C2CCCCC2)cc1;-1.6359208032682495
CHEMBL2112329;NC(=O)C(Cc1ccccc1)NCc1ccc(C=NNC(=O)c2ccc(O)c(Cl)c2)c2ccccc12;-1.790988475088816
CHEMBL232037;CC(C)(C)C1CCC(N(C(=O)c2ccc(OC(F)(F)F)cc2)C2CCc3cc(C(=O)Nc4nn[nH]n4)ccc32)CC1;-2.428313096935898
CHEMBL232241;CC(C)(C)C1CCC(N(C(=O)Nc2ccc(OC(F)(F)F)cc2)C2CCCc3cc(C(=O)NCCC(=O)O)ccc32)CC1;-2.033102830057001
CHEMBL232242;CC(C)(C)C1CCC(N(C(=O)Cc2ccc(OC(F)(F)F)cc2)C2CCc3cc(C(=O)Nc4nn[nH]n4)ccc32)CC1;-1.2536580200382068
CHEMBL232448;CC(C)(C)C1CCC(N(C(=O)Nc2cc(Cl)cc(Cl)c2)C2CCc3cc(C(=O)Nc4nn[nH]n4)ccc32)CC1;-0.730524045835329
CHEMBL234087;CC(C)(C)C1CCC(N(C(=O)Nc2ccc(OC(F)(F)F)cc2)C2CCc3cc(C(=O)NCCC(=O)O)ccc32)CC1;-1.9468583109387372
CHEMBL2112906;O=C(NN=Cc1ccc(CS(=O)(=O)Cc2ccc(OC(F)(F)F)cc2)c2ccccc12)c1ccc(O)c(Cl)c1;-0.8388490907372553
CHEMBL2112907;CN(C)c1ccc(C(=O)n2cc(C=NNC(=O)c3ccc(O)c(C#N)c3)c3ccccc32)cc1;-1.2810333672477277
CHEMBL2112904;CC(C)S(=O)(=O)Cc1ccc(C=NNC(=O)c2ccc(O)c(C#N)c2)c2ccccc12;-2.2121876044039577
CHEMBL2112908;N#Cc1cc(C(=O)NN=Cc2cn(C(=O)CC3CCCC3)c3ccccc23)ccc1O;-0.8061799739838872
CHEMBL2112909;O=C(NN=Cc1ccc(CS(=O)(=O)C2CCCC2)c2ccccc12)c1ccc(O)c(Cl)c1;-2.3443922736851106
CHEMBL2112992;CCC(CC)C(=O)Nc1sc(-c2nc(Cc3ccc(Cl)cc3Cl)no2)c(C)c1C#N;-1.7404344618435839
CHEMBL2112991;CCC(CC)C(=O)Nc1sc(-c2nc(CC(C)C)no2)c(C)c1C#N;-2.416509773538266
CHEMBL2113103;CC(C)(C)C1CCC2(CC1)CCN(c1ccc(OC(F)(F)F)cc1)C(=O)N2Cc1ccc(C(=O)NCC(O)C(=O)O)cc1;-2.481442628502305
CHEMBL2113259;O=C(O)CCNC(=O)c1ccc(CN(C(=O)Nc2ccc(OC(F)(F)F)cc2)C2CCN(C(=O)C3CC3)CC2)cc1;-3.29754166781816
CHEMBL265336;O=C(O)CCNC(=O)c1ccc2c(c1)CCC2N(C(=O)Nc1ccc(OC(F)(F)F)cc1)c1ccc(OC(F)(F)F)cc1;-2.9138138523837167
CHEMBL266715;CCN(CC)C(=O)C1CCC(N(Cc2ccc(C(=O)NCCC(=O)O)cc2)C(=O)Nc2ccc(OC(F)(F)F)cc2)CC1;-2.893206753059848
CHEMBL266456;CC(C)(CC(=O)O)NC(=O)c1ccc(CN(C(=O)Nc2ccc(OC(F)(F)F)cc2)C2CCC(C(C)(C)C)CC2)cc1;-4.0
CHEMBL276063;COc1ccc(-c2nc(-c3ccncc3)c(-c3ccc(F)cc3)[nH]2)cc1;-3.0569716761534185
CHEMBL278041;Oc1ccc(-c2nc(-c3ccncc3)c(-c3ccc(F)cc3)[nH]2)cc1;-1.9040118835973885
CHEMBL280724;CC(C)=Cc1c(C(C)C)nc(C(C)C)c(O)c1-c1ccc(F)cc1;-3.845098040014257
CHEMBL286098;CCCCCc1c(C(C)C)nc(C(C)C)c(CO)c1-c1ccc(Cl)cc1;-2.903089986991944
CHEMBL284699;CCCCCc1c(C(C)C)nc(C(C)C)c(CO)c1-c1cccc(OC)c1;-4.681241237375588
CHEMBL286555;CCCCCc1c(C(C)C)nc(C(C)C)c(CO)c1-c1ccc(F)c(F)c1;-3.041392685158225
CHEMBL312825;Fc1ccc(-c2[nH]c(-c3cc(Br)cs3)nc2-c2ccncc2)cc1;-3.4471580313422194
CHEMBL312928;Brc1ccc(-c2nc(-c3ccccc3)c(-c3ccncc3)[nH]2)cc1;-2.2481214046551847
CHEMBL314701;Clc1ccc(-c2nc(-c3ccccc3Oc3ccccc3)c(-c3ccncc3)[nH]2)cc1;-1.8174330764475408
CHEMBL316264;Fc1ccc(-c2nc(-c3ccncc3)c(-c3ccc(F)cc3)[nH]2)cc1;-2.6505149978319906
CHEMBL315800;CC(C)(C)c1ccc(-c2[nH]c(-c3ccc(Cl)cc3)nc2-c2ccncc2)cc1;-2.822711134674546
CHEMBL315311;Clc1ccc(-c2nc(-c3ccncc3)c(-c3ccc(I)cc3)[nH]2)cc1;-2.378666790969334
CHEMBL314181;Fc1ccc(-c2[nH]c(-c3ccc(I)cc3)nc2-c2ccncc2)cc1;-2.3537850880489684
CHEMBL314652;Fc1ccc(-c2nc(-c3cccc4ccccc34)[nH]c2-c2ccncc2)cc1;-2.854046784319058
CHEMBL315613;Clc1ccc(-c2nc(-c3ccncc3)c(-c3ccc(Oc4ccccc4)cc3)[nH]2)cc1;-1.9569161900668028
CHEMBL315828;CCCCOc1ccccc1-c1nc(-c2ccc(Cl)cc2)[nH]c1-c1ccncc1;-1.4854058054362589
CHEMBL315836;Cc1cc(-c2nc(-c3ccc(Cl)cc3)[nH]c2-c2ccc(F)cc2)ccn1;-1.6989700043360187
CHEMBL316361;CCCOc1ccc(-c2nc(-c3ccc(Cl)cc3)[nH]c2-c2ccncc2)c(OCCC)c1;-2.1913746975318005
CHEMBL321461;O=C(NNCc1cccc2ccccc12)c1ccc(O)cc1;-5.0
CHEMBL320634;Nc1ccc(C(=O)NN=Cc2ccc(O)c3ccccc23)cc1;-5.0
CHEMBL321010;O=C(NN=Cc1ccc(O)c2ccccc12)c1ccc(O)c(Br)c1;-2.9190780923760737
CHEMBL322713;O=C(O)c1ccc(C(=O)NN=Cc2ccc(O)c3ccccc23)cc1;-5.0
CHEMBL328126;Fc1ccc(-c2cc(-c3ccc(Cl)cc3)[nH]c2-c2ccncc2)cc1;-2.651059609031312
CHEMBL333147;CCCCCc1c(C(C)C)nc(C(C)C)c(C(C)O)c1-c1ccc(F)cc1O;-2.4504537921453595
CHEMBL350255;Clc1ccc(-c2cc(-c3cccc(Br)c3)c(-c3ccncc3)[nH]2)cc1;-2.436850688010448
CHEMBL348401;Fc1ccc(-c2cc(C3CCCCC3)[nH]c2-c2ccncc2)cc1;-2.3001447720634136
CHEMBL347370;COc1cc(C=NNC(=O)c2ccc(O)c(Cl)c2)cc(C(=O)O)c1OCc1ccc(C(C)C)cc1;-4.477121254719663
CHEMBL347462;CCCOc1cccc(OCCC)c1-c1cc(-c2ccc(Cl)cc2)[nH]c1-c1ccncc1;-2.032228994613459
CHEMBL346859;CC(C)c1nc(C(C)C)c(CO)c(-c2ccc(F)cc2)c1CO;-4.301029995663981
CHEMBL345834;CCCCCCOc1ccccc1-c1cc(-c2ccc(Cl)cc2)[nH]c1-c1ccncc1;-2.1505149978319906
CHEMBL347663;CC(C)COc1ccccc1-c1cc(-c2ccc(Cl)cc2)[nH]c1-c1ccncc1;-2.118050494043708
CHEMBL348702;CC(C)c1ccc(COc2ccc(C=NNC(=O)c3ccc(O)c(Cl)c3)c3ccccc23)cc1;-1.178872162590188
CHEMBL345589;N#Cc1cc(C(=O)NN=Cc2ccc(CO)c3ccccc23)ccc1O;-1.4742162640762553
CHEMBL347922;O=C(NN=Cc1cn(Cc2ccccc2)c2ccccc12)c1ccc(O)c(Cl)c1;-2.788875115775417
CHEMBL345863;CCOC(=O)c1cc(-c2ccc(Cl)cc2)[nH]c1-c1ccncc1;-2.278151250383644
CHEMBL348555;CCCNc1ccccc1-c1cc(-c2ccc(Cl)cc2)[nH]c1-c1ccncc1;-1.8661968799114845
CHEMBL345713;N#Cc1cc(C(=O)NN=Cc2cccc3c2ccn3Cc2ccc(C(F)(F)F)cc2)ccc1O;-1.3483048630481609
CHEMBL346694;COc1cc(NC(=O)CSc2ccc(OC(F)(F)F)cc2)ccc1C=NNC(=O)c1ccc(O)c(Cl)c1;-1.1613680022349748
CHEMBL346226;O=C(NN=Cc1ccc(OCc2ccc(OC(F)(F)F)cc2)c2ccccc12)c1ccc(O)c(Cl)c1;-1.7634279935629371
CHEMBL346698;CCOc1ccccc1-c1cc(-c2ccc(Cl)cc2)[nH]c1-c1ccncc1;-2.8180100202213283
CHEMBL349552;O=C(NN=Cc1cccc2c1ccn2Cc1ccc(OC(F)(F)F)cc1)c1ccc(O)c(Cl)c1;-1.359835482339888
CHEMBL346801;O=C(NN=Cc1ccc(OCCNCc2ccc(OC(F)(F)F)cc2)c2ccccc12)c1ccc(O)c(Cl)c1;-1.4424797690644486
CHEMBL346464;O=C(NN=Cc1ccc(CC(=O)N2CCN(c3ccc(F)cc3)CC2)c2ccccc12)c1ccc(O)c(Cl)c1;-1.089905111439398
CHEMBL348785;COc1cc(C=NNC(=O)c2ccc(O)c(Cl)c2)cc(OC)c1OCc1ccc(C(C)C)cc1;-1.3617278360175928
CHEMBL344911;CCc1c(C(C)C)nc(C(C)C)c(CO)c1-c1ccccc1;-3.255272505103306
CHEMBL350237;CC(C)(C)c1ccc(-c2cc(-c3ccc(F)cc3)c(-c3ccncc3)[nH]2)cc1;-2.929418925714293
CHEMBL352005;CC(C)(C)C(=O)Nc1ccc(C=NNC(=O)c2ccc(O)c(Cl)c2)c2ccccc12;-1.5185139398778875
CHEMBL351104;O=C(OCc1ccccc1)c1cc(-c2ccc(Cl)cc2)[nH]c1-c1ccncc1;-2.4460473013452404
CHEMBL351724;O=C(NN=Cc1ccc(OCC2CCCCO2)c2ccccc12)c1ccc(O)c(Cl)c1;-2.146128035678238
CHEMBL351333;COc1cc(C=CC(=O)Nc2ccc(O)c(Cl)c2)cc(OC)c1OCc1ccc(C(C)C)cc1;-3.806179973983887
CHEMBL351772;CCCOc1ccc(Br)cc1-c1cc(-c2ccc(Cl)cc2)[nH]c1-c1ccncc1;-2.078182787094405
CHEMBL358249;CCc1c(C)nc(C)c(CO)c1-c1ccccc1;-4.301029995663981
CHEMBL358250;CCCCCCc1c(C(C)C)nc(C(C)C)c(C(C)O)c1-c1ccc(F)cc1;-2.2296962438796153
CHEMBL371259;CC(C)(C)C1CCC2(CC1)CN(c1ccc(F)c(F)c1)C(=O)N2Cc1ccc(C(=O)Nc2nn[nH]n2)cc1;-2.084469606917989
CHEMBL362657;CCC(CC)C(=O)Nc1sc(C(=O)N(Cc2ccc(Cl)cc2Cl)C(C)C)c(C)c1C#N;-1.8987376437686674
CHEMBL364288;Cc1ccc(N2CC3(CCC(C(C)(C)C)CC3)N(Cc3ccc(C(=O)Nc4nn[nH]n4)cc3)C2=O)cc1;-2.630427875025024
CHEMBL371476;CC(C)(C)C1CCC2(CC1)CN(c1cccc(Cl)c1)C(=O)N2Cc1ccc(C(=O)Nc2nn[nH]n2)cc1;-2.2604512794937603
CHEMBL370847;CC(C)(C)C1CCC2(CC1)CN(C1CCCCC1)C(=O)N2Cc1ccc(C(=O)Nc2nn[nH]n2)cc1;-2.845098040014257
CHEMBL374293;CC(C)(C)C1CCC(N(Cc2ccc(C(=O)NCCC(=O)O)cc2)C(=O)Nc2ccc(C#N)cc2)CC1;-3.019116290447073
CHEMBL373234;CC(C)(C)C1CCC2(CC1)CCN(c1ccc(OC(F)(F)F)cc1)C(=O)N2Cc1ccc(C(=O)NCCC(=O)O)cc1;-2.3551602481522176
CHEMBL376891;O=C(O)CCNC(=O)c1ccc(CN(C(=O)Nc2ccc(OC(F)(F)F)cc2)C2CCC(C(=O)NCC3CC3)CC2)cc1;-4.0
CHEMBL374994;CC(C)(C)C1CCC(N(Cc2ccc(C(=O)NCCC(=O)O)cc2)C(=O)Nc2ccccc2)CC1;-3.036628895362161
CHEMBL376322;CC(C)(C)C1CCC(N(Cc2ccc(C(=O)NCC(=O)NO)cc2)C(=O)Nc2ccc(OC(F)(F)F)cc2)CC1;-3.4712917110589387
CHEMBL375000;O=C(O)CCNC(=O)c1ccc(CN(C(=O)Nc2ccc(OC(F)(F)F)cc2)C2CCC3(CC2)OCCO3)cc1;-3.081707270097349
CHEMBL373824;CC(C)(C)C1CCC(N(Cc2ccc(C(=O)NCCC(=O)O)cc2)C(=O)Nc2ccc(OC(F)(F)F)cc2C#N)CC1;-1.7481880270062005
CHEMBL373541;CC(C)(C)C1CCC(N(Cc2ccc(C(=O)NCCC(=O)O)cc2)C(=O)Nc2ccc(OCC3CC3)cc2)CC1;-2.146128035678238
CHEMBL373542;CCCC1CCC(N(Cc2ccc(C(=O)NCCC(=O)O)cc2)C(=O)Nc2ccc(OC(F)(F)F)cc2)CC1;-2.0863598306747484
CHEMBL374022;CC(C)(C)C1CCC(N(Cc2ccc(C(=O)NCCC(=O)O)cc2)C(=O)Nc2cc(Cl)cc(Cl)c2)CC1;-1.9030899869919435
CHEMBL380387;O=C(c1ccc(OCCCN2CCCC2)cc1)c1cccc2ccccc12;-4.230448921378274
CHEMBL375167;CC(C)(C)C1CCC(N(Cc2ccc(C(=O)NCCC(=O)O)cc2)C(=O)Nc2cc(C(F)(F)F)cc(C(F)(F)F)c2)CC1;-1.4761540048310626
CHEMBL380771;CC(C)(C)C1CCC2(CC1)CN(c1ccc(Cl)cc1)C(=O)N2Cc1ccc(C(=O)Nc2nn[nH]n2)cc1;-2.3568964239695305
CHEMBL386446;O=C(O)CCNC(=O)c1ccc(CN(C(=O)Nc2cc(Cl)cc(Cl)c2)c2ccc(C3=CCCCC3)cc2)cc1;-1.255272505103306
CHEMBL383350;CC(C)(C)C1CCC2(CC1)CC(=O)N(c1ccc(OC(F)(F)F)cc1)C(=O)N2Cc1ccc(C(=O)Nc2nn[nH]n2)cc1;-3.2933625547114453
CHEMBL383135;CC(C)(C)C1CCC2(CC1)CN(c1cccc(OC(F)(F)F)c1)C(=O)N2Cc1ccc(C(=O)Nc2nn[nH]n2)cc1;-1.9438648986440152
CHEMBL383370;CC(C)(C)C1CCC2(CC1)CN(c1ccc(S(C)(=O)=O)cc1)C(=O)N2Cc1ccc(C(=O)Nc2nn[nH]n2)cc1;-2.60959440922522
CHEMBL395760;O=C(Nc1nn[nH]n1)c1ccc2c(c1)CCC2N(C(=O)Nc1ccc(OC(F)(F)F)cc1)c1ccc(OC(F)(F)F)cc1;-2.6640959901615755
CHEMBL385755;O=C(O)CCNC(=O)c1ccc(CN(C(=O)Nc2ccc(OC(F)(F)F)cc2)C2CCC(C(=O)O)CC2)cc1;-4.0
CHEMBL386030;CC(C)(C)C1CCC(N(Cc2ccc(C(=O)N3CCCC(C(=O)O)C3)cc2)C(=O)Nc2ccc(OC(F)(F)F)cc2)CC1;-3.0
CHEMBL390469;CC(C)(C)C1CCC(N(C(=O)c2ccc(OC(F)(F)F)cc2)C2CCc3cc(C(=O)NCCC(=O)O)ccc32)CC1;-2.7788377968542166
CHEMBL395759;CC(C)(C)C1CCC(N(C(=O)Nc2ccc(OC(F)(F)F)cc2)C2CCOc3cc(C(=O)NCCC(=O)O)ccc32)CC1;-1.917189963206665
CHEMBL396215;CC(C)(C)C1CCC(N(C(=O)Nc2ccc(OC(F)(F)F)cc2)C2CCc3cc(C(=O)Nc4nn[nH]n4)ccc32)CC1;-1.756226204389637
CHEMBL413964;COc1cc(NC(=O)CCc2ccc(C(F)(F)F)cc2)ccc1C=NNC(=O)c1ccc(O)c(C#N)c1;-1.1958996524092338
CHEMBL10;C[S+]([O-])c1ccc(-c2nc(-c3ccncc3)c(-c3ccc(F)cc3)[nH]2)cc1;-1.5690225860295637
CHEMBL411833;CC(C)(C)C1CCC(N(C(=O)Nc2cc(C(F)(F)F)cc(C(F)(F)F)c2)C2CCc3cc(C(=O)NCCC(=O)O)ccc32)CC1;-1.5549579315118967
CHEMBL411831;CC(C)(C)C1CCC(N(C(=O)Nc2ccc(OC(F)(F)F)cc2)C2CCCc3cc(C(=O)Nc4nn[nH]n4)ccc32)CC1;-1.4831600361767303
CHEMBL407028;CC(C)(C)C1CCC(N(C(=O)Nc2cc(C(F)(F)F)cc(C(F)(F)F)c2)C2CCc3cc(C(=O)Nc4nn[nH]n4)ccc32)CC1;-1.3330717136457793
CHEMBL416169;Fc1ccc(-c2nc(-c3ccccc3)[nH]c2-c2ccncc2)cc1;-3.2075200786837215
CHEMBL419364;Nc1cc(C(=O)NN=Cc2ccc(O)c3ccccc23)ccc1O;-3.3010299956639813
CHEMBL419181;COc1ccc(C=NNC(=O)c2ccc(O)c(OC)c2)cc1;-5.0
CHEMBL420232;Cc1ccc(-c2nc(-c3ccncc3)c(-c3ccc(F)cc3)[nH]2)cc1;-2.5344786276724434
CHEMBL419729;COc1cc(C=NNC(=O)c2cccc3ccccc23)ccc1O;-5.0
CHEMBL420290;COc1cc(C(=O)NN=Cc2cccc(Oc3cccc(C(F)(F)F)c3)c2)ccc1O;-3.690196080028514
CHEMBL423781;O=C(O)c1ccc(-c2cc(-c3ccc(F)cc3)c(-c3ccncc3)[nH]2)cc1;-2.716067578878856
CHEMBL422506;CCN(CC)C(=O)Cc1ccc(C=NNC(=O)c2ccc(O)c(Cl)c2)c2ccccc12;-1.354108439147401
CHEMBL421833;CC(C)c1ccc(Cn2cc(C=NNC(=O)c3ccc(O)c(Cl)c3)c3ccccc32)cc1;-2.591064607026499
CHEMBL421809;CN(C)CCN(Cc1ccccc1)C(=O)Cc1ccc(C=NNC(=O)c2ccc(O)c(Cl)c2)c2ccccc12;-0.7923916894982539
CHEMBL421795;COc1cc(OCCN2CCc3ccccc3C2)ccc1C=NNC(=O)c1ccc(O)c(Cl)c1;-2.0791812460476247
CHEMBL423013;CCc1nc(CC)c(CO)c(-c2ccccc2)c1CC;-4.301029995663981
CHEMBL426295;CC(C)(C)C1CCC2(CC1)CN(c1ccc(OC(F)(F)F)cc1)C(=O)N2Cc1ccc(C(=O)NCCC(=O)O)cc1;-2.5940759814635523
CHEMBL431650;COc1cc(C(=O)NN=Cc2ccc(C=Cc3ccccc3)cc2)ccc1O;-5.0
CHEMBL430509;COc1cc(C(=O)NN=C(C)c2cccc3ccccc23)ccc1O;-5.0
CHEMBL430163;CC(C)(C)C1CCC(N(C(=O)Nc2cc(Cl)cc(Cl)c2)C2CCc3cc(C(=O)NCCC(=O)O)ccc32)CC1;-1.0206963425791125
CHEMBL435445;Cc1c(C=NNC(=O)c2ccc(O)c(Cl)c2)ccc(OCc2ccc(C(C)C)cc2)c1C;-2.869231719730976
CHEMBL436011;COCc1c(C(C)C)nc(C(C)C)c(CO)c1-c1ccc(F)cc1;-3.9542425094393248
CHEMBL436022;Clc1ccc(-c2cc(-c3ccccc3Br)c(-c3ccncc3)[nH]2)cc1;-2.592233727996137
CHEMBL442651;O=C(O)CCNC(=O)c1ccc(N(Cc2ccc3c(c2)Cc2ccccc2-3)c2nc(-c3ccc(C(F)(F)F)cc3)cs2)cc1;-1.8920946026904804
CHEMBL443971;O=C(O)CCNC(=O)c1ccc(CN(c2ccc(C3=CCCCC3)cc2)c2nc(-c3ccc(Cl)cc3)c(-c3ccccc3)s2)cc1;-1.934498451243568
CHEMBL444343;COc1cc(C=NNC(=O)c2ccc(O)cc2)cc(OC)c1OCc1ccc(C(C)C)cc1;-2.838849090737255
CHEMBL442855;Cc1ccc2nc(N(Cc3ccc(C(=O)Nc4nn[nH]n4)cc3)c3ccc(Oc4ccc(Cl)cc4)c(Cl)c3)[nH]c2c1;-2.0569716761534185
CHEMBL448584;O=C(O)CCNC(=O)c1ccc(N(Cc2ccc3c(c2)Cc2ccccc2-3)c2nc(-c3ccc(OC(F)(F)F)cc3)cs2)cc1;-1.9084850188786495
CHEMBL442389;COc1cc(C(=O)NN=Cc2ccc(C(C)(C)C)cc2)ccc1O;-4.462397997898956
CHEMBL439961;COc1cc(C(=O)NN=Cc2[nH]cnc2C)ccc1O;-5.0
CHEMBL441160;CCN(CC)C(=O)c1ccc(NC(=O)N(Cc2ccc(C(=O)NCCC(=O)O)cc2)C2CCC(C(C)(C)C)CC2)cc1;-3.3854275148051305
CHEMBL453457;O=C(NCC(O)C(=O)O)c1ccc(CN(C(=O)Nc2ccc(SC(F)(F)F)cc2)c2ccc(C3CCCCC3)cc2)cc1;-0.7781512503836436
CHEMBL448921;Cn1c(N(Cc2ccc(C(=O)Nc3nn[nH]n3)cc2)C2CCC(C(C)(C)C)CC2)nc2cc(OCC3CCCC3)ccc21;-0.7898917983084051
CHEMBL445532;O=C(NCC(O)C(=O)O)c1ccc(CN(C(=O)Nc2cc(Br)cc(C(F)(F)F)c2)c2ccc(C3=CCCCC3)cc2)cc1;-0.8450980400142568
CHEMBL451288;O=C(O)CCNC(=O)c1ccc(CN(c2ccc3c(c2)CCCC3)c2nc(-c3ccc(C(F)(F)F)cc3)cs2)cc1;-1.7838659812740345
CHEMBL452310;COC(CNC(=O)c1ccc(CN(C(=O)Nc2cc(Cl)cc(Cl)c2)c2ccc(C3=CCCCC3)cc2)cc1)C(=O)O;-2.8407332346118066
CHEMBL452311;O=C(NCC(O)C(=O)O)c1ccc(CN(C(=O)Nc2cccc(Br)c2)c2ccc(C3CCCCC3)cc2)cc1;-0.9030899869919436
CHEMBL452451;CS(=O)(=O)c1cc(NC(=O)N(Cc2ccc(C(=O)NCC(O)C(=O)O)cc2)c2ccc(C3=CCCCC3)cc2)ccc1OC(F)(F)F;-0.6989700043360189
CHEMBL452041;Clc1ccc(Oc2ccc(N=c3[nH]c(-c4ccccc4)cs3)cc2Cl)cc1;-3.0
CHEMBL447535;O=C(NN=Cc1cccc2ccccc12)c1ccc(O)cc1;-3.255272505103306
CHEMBL447742;CC(C)(C)c1cccc(NC(=O)N(Cc2ccc(C(=O)NCC(O)C(=O)O)cc2)c2ccc(C3CCCCC3)cc2)c1;-1.255272505103306
CHEMBL456877;CCCn1c(N(Cc2ccc(C(=O)Nc3nn[nH]n3)cc2)C2CCC(C(C)(C)C)CC2)nc2ccccc21;-1.380211241711606
CHEMBL452040;O=C(NC(=O)c1ccccc1Cl)Nc1ccc(Oc2ccc(Cl)cc2)c(Cl)c1;-2.6830470382388496
CHEMBL447684;O=C(NCC(O)C(=O)O)c1ccc(CN(C(=O)Nc2cc(F)cc(C(F)(F)F)c2)c2ccc(C3=CCCCC3)cc2)cc1;-1.1139433523068367
CHEMBL455323;O=C(O)CCNC(=O)c1ccc(CN(c2ccc3c(c2)Cc2ccccc2-3)c2nc(-c3ccc(OC(F)(F)F)cc3)cs2)cc1;-1.7349110079890815
CHEMBL459032;Cn1c(N(Cc2ccc(C(=O)Nc3nn[nH]n3)cc2)c2ccc(C(C)(C)C)cc2)nc2ccccc21;-2.199923356356461
CHEMBL458145;Cn1c(N(Cc2ccc(C(=O)Nc3nn[nH]n3)cc2)C2CCC(C(C)(C)C)CC2)nc2cc(O)ccc21;-1.6505149978319906
CHEMBL459208;Cn1c(N(Cc2ccc(C(=O)Nc3nn[nH]n3)cc2)c2ccc(C3CCCCC3)cc2)nc2ccccc21;-1.2007002703907719
CHEMBL455214;O=C(NCC(O)C(=O)O)c1ccc(CN(C(=O)Nc2ccc3c(c2)C(F)(F)OC(F)(F)O3)c2ccc(C3=CCCCC3)cc2)cc1;-0.7781512503836436
CHEMBL456738;COc1cc(NC(=O)N(Cc2ccc(C(=O)NCC(O)C(=O)O)cc2)c2ccc(C3CCCCC3)cc2)cc(C(F)(F)F)c1;-0.9542425094393248
CHEMBL459457;Cn1c(N(Cc2ccc(C(=O)Nc3nn[nH]n3)cc2)C2CCC(C(C)(C)C)CC2)nc2ccccc21;-1.8015850144450167
CHEMBL459458;CCn1c(N(Cc2ccc(C(=O)Nc3nn[nH]n3)cc2)C2CCC(C(C)(C)C)CC2)nc2ccccc21;-1.2041199826559248
CHEMBL463175;CC1CC(=O)c2c(cc3c(-c4c(O)cc(O)c5c(O)c6c(cc45)OC(C)CC6=O)c(O)cc(O)c3c2O)O1;-4.301029995663981
CHEMBL464663;O=C(O)CCNC(=O)c1ccc(CN(c2ccc(SC(F)(F)F)cc2)c2nc(-c3ccc(C(F)(F)F)cc3)cs2)cc1;-1.5314789170422551
CHEMBL471979;COc1ccc2nc(N(Cc3ccc(C(=O)Nc4nn[nH]n4)cc3)C3CCC(C(C)(C)C)CC3)n(C)c2c1;-1.46521979738335
CHEMBL469903;Cn1c(N(Cc2ccc(C(=O)Nc3nn[nH]n3)cc2)c2ccc(OC(F)(F)F)cc2)nc2ccccc21;-2.4771212547196626
CHEMBL469904;Cn1c(N(Cc2ccc(C(=O)NCc3nn[nH]n3)cc2)C2CCC(C(C)(C)C)CC2)nc2ccccc21;-2.204119982655925
CHEMBL472154;Cn1c(N(Cc2ccc(C(=O)Nc3nn[nH]n3)cc2)C2CCC(C(C)(C)C)CC2)nc2cc(F)ccc21;-1.5602869656029248
CHEMBL471580;O=C(O)CCNC(=O)c1ccc(CN(c2ccc(Cl)cc2)c2nc(-c3ccc(C(F)(F)F)cc3)cs2)cc1;-1.8025447309407903
CHEMBL470729;O=C(O)CCNC(=O)c1ccc(CN(c2ccc(C(F)(F)F)cc2)c2nc(-c3ccc(Cl)cc3)cs2)cc1;-1.9661353879497452
CHEMBL472586;COc1ccccc1-c1csc(N(Cc2ccc(C(=O)NCCC(=O)O)cc2)c2ccc(SC(F)(F)F)cc2)n1;-2.6232492903979003
CHEMBL470955;Cc1cc2nc(N(Cc3ccc(C(=O)Nc4nn[nH]n4)cc3)C3CCC(C(C)(C)C)CC3)n(C)c2cc1C;-1.0167118777434747
CHEMBL472325;Cn1c(N(Cc2ccc(C(=O)Nc3nn[nH]n3)cc2)C2CCC(C(C)(C)C)CC2)nc2cc(Br)ccc21;-1.3187448647562554
CHEMBL480113;CCCOc1ccc2nc(N(Cc3ccc(C(=O)Nc4nn[nH]n4)cc3)C3CCC(C(C)(C)C)CC3)n(C)c2c1;-0.4515449934959718
CHEMBL480692;CCCOc1ccc2c(c1)nc(N(Cc1ccc(C(=O)Nc3nn[nH]n3)cc1)C1CCC(C(C)(C)C)CC1)n2C;-0.45154499349597177
CHEMBL480501;Cn1c(N(Cc2ccc(C(=O)Nc3nn[nH]n3)cc2)C2CCC(C(C)(C)C)CC2)nc2cc(C(F)(F)F)ccc21;-1.4168921873282394
CHEMBL487476;O=C(NCC(O)C(=O)O)c1ccc(CN(C(=O)Nc2cc(Cl)cc(Cl)c2)c2ccc(C3=CCCCC3)cc2)cc1;-1.1482542729342244
CHEMBL487662;O=C(NCC(O)C(=O)O)c1ccc(CN(C(=O)Nc2ccccc2)c2ccc(C3=CCCCC3)cc2)cc1;-2.220108088040055
CHEMBL487668;O=C(NCC(O)C(=O)O)c1ccc(CN(C(=O)Nc2cc(Cl)cc(Cl)c2)c2ccc(C3CCCCC3)cc2)cc1;-0.6020599913279624
CHEMBL493020;O=C(O)CCNC(=O)c1ccc(CC(c2ccc(OC(F)(F)F)cc2)c2nc(-c3ccc(Cl)cc3)cs2)cc1;-1.9912260756924949
CHEMBL487828;Cn1c(N(Cc2ccc(C(=O)NCCC(=O)O)cc2)C2CCC(C(C)(C)C)CC2)nc2ccccc21;-2.361727836017593
CHEMBL492605;O=C(O)CCNC(=O)c1ccc(CN(c2ccc3c(c2)CCC3)c2nc(-c3ccc(C(F)(F)F)cc3)cs2)cc1;-1.8703392126137275
CHEMBL493019;O=C(O)CCNC(=O)c1ccc(CC(c2ccc(Cl)cc2)c2nc(-c3ccc(OC(F)(F)F)cc3)cs2)cc1;-1.7913157197448182
CHEMBL486650;CC(C)(C)c1ccc(N(Cc2ccc(C(=O)NCC(O)C(=O)O)cc2)C(=O)Nc2ccc(OC(F)(F)F)cc2)cc1;-1.740362689494244
CHEMBL486651;Cc1cc(NC(=O)N(Cc2ccc(C(=O)NCC(O)C(=O)O)cc2)C2CCC(C(C)(C)C)CC2)cc(C(F)(F)F)c1;-1.0
CHEMBL488682;Cn1c(N(Cc2ccc(C(=O)NCC(O)C(=O)O)cc2)C2CCC(C(C)(C)C)CC2)nc2ccccc21;-2.073064017839119
CHEMBL494248;O=C(O)CCNC(=O)c1ccc(CN(c2nc(-c3ccc(Cl)c(Cl)c3)cs2)C2CCCc3ccccc32)cc1;-2.725094521081469
CHEMBL492813;O=C(O)CCNC(=O)c1ccc(CN(c2ccc3c(c2)CCCC3)c2nc(-c3ccc(Cl)c(Cl)c3)cs2)cc1;-1.815010425556705
CHEMBL493233;CC(C)(C)c1ccc(-c2csc(N(Cc3ccc(C(=O)NCCC(=O)O)cc3)c3ccc(C(C)(C)C)cc3)n2)cc1;-2.4983105537896004
CHEMBL491352;O=C(O)CCNC(=O)c1ccc(CN(c2ccc3c(c2)CCC3)c2nc(-c3ccc(Cl)c(Cl)c3)cs2)cc1;-1.99563519459755
CHEMBL491920;O=C(O)CCNC(=O)c1ccc(CC(c2ccc(Cl)cc2)c2nc(-c3ccc(C(F)(F)F)cc3)cs2)cc1;-1.781027414828189
CHEMBL501392;O=C(NCC(O)C(=O)O)c1ccc(CC(c2ccc(OC(F)(F)F)cc2)c2nc(-c3ccc(C(F)(F)F)cc3)cs2)cc1;-2.075546961392531
CHEMBL505685;O=C(NCC(O)C(=O)O)c1ccc(CN(c2ccc3c(c2)CCC3)c2nc(-c3ccc(C(F)(F)F)cc3)cs2)cc1;-2.416640507338281
CHEMBL502694;Cc1cc(N(Cc2ccc(C(=O)NCCC(=O)O)cc2)c2nc(-c3cc(C(F)(F)F)cc(C(F)(F)F)c3)cs2)ccc1C(C)C;-2.1172712956557644
CHEMBL500315;Cn1c(N(Cc2ccc(C(=O)Nc3nn[nH]n3)cc2)C2CCC(C(C)(C)C)CC2)nc2cc(OC3CCCC3)ccc21;-0.4771212547196624
CHEMBL499372;Cn1c(N(Cc2ccc(C(=O)Nc3nn[nH]n3)cc2)C2CCC(C(C)(C)C)CC2)nc2cc(OCc3ccccc3)ccc21;-0.4225490200071284
CHEMBL506520;CC(C)(C)C1CCC(N(Cc2ccc(C(=O)Nc3nn[nH]n3)cc2)c2nc3ccccc3n2Cc2ccccc2)CC1;-1.2041199826559248
CHEMBL503919;O=C(Nc1nn[nH]n1)c1ccc(CN(c2ccc(Oc3ccc(Cl)cc3)c(Cl)c2)c2nc(-c3ccccc3)cs2)cc1;-1.9294189257142929
CHEMBL499160;CC(C)(C)C1CCC(N(Cc2ccc(C(=O)NCC(O)C(=O)O)cc2)C(=O)Nc2cc(C(F)(F)F)cc(C(F)(F)F)c2)CC1;-1.4084519196878302
CHEMBL504245;N#Cc1ccc(NC(=O)N(Cc2ccc(C(=O)NCC(O)C(=O)O)cc2)c2ccc(C3CCCCC3)cc2)cc1C(F)(F)F;-0.9542425094393248
CHEMBL506800;O=C(O)CCNC(=O)c1ccc(CN(c2ccc(C3=CCCCC3)cc2)c2nc(-c3ccc(OC(F)(F)F)cc3)cs2)cc1;-1.5563025007672873
CHEMBL501628;O=C(O)CCNC(=O)c1ccc(CN(c2ccc(OC(F)(F)F)cc2)c2nc(-c3ccc(C(F)(F)F)cc3)cs2)cc1;-1.8356790017217461
CHEMBL513067;COc1ccc2c(c1)nc(N(Cc1ccc(C(=O)Nc3nn[nH]n3)cc1)C1CCC(C(C)(C)C)CC1)n2C;-1.090921793972386
CHEMBL511964;Cn1c(N(Cc2ccc(C(=O)Nc3nn[nH]n3)cc2)C2CCC(C(C)(C)C)CC2)nc2cc(Cl)c(Cl)cc21;-1.1579851727284587
CHEMBL509900;Cc1ccc2nc(N(Cc3ccc(C(=O)Nc4nn[nH]n4)cc3)C3CCC(C(C)(C)C)CC3)[nH]c2c1;-2.0
CHEMBL509710;COc1cc(NC(=O)N(Cc2ccc(C(=O)NCC(O)C(=O)O)cc2)c2ccc(C3=CCCCC3)cc2)cc(C(F)(F)F)c1;-1.146128035678238
CHEMBL517861;Cc1ccc2c(c1)nc(N(Cc1ccc(C(=O)Nc3nn[nH]n3)cc1)C1CCC(C(C)(C)C)CC1)n2C;-1.5136748038873782
CHEMBL515045;CC(C)(C)C1CCC(N(Cc2ccc(C(=O)Nc3nn[nH]n3)cc2)c2nc3ccccc3n2C2CCCC2)CC1;-2.0791812460476247
CHEMBL519776;O=C(O)CCNC(=O)c1ccc(CN(c2ccc(Cl)cc2)c2nc(-c3ccc(OC(F)(F)F)cc3)cs2)cc1;-1.819044860992253
CHEMBL520893;O=C(NCC(O)C(=O)O)c1ccc(CN(C(=O)Nc2cccc(Cl)c2)c2ccc(C3=CCCCC3)cc2)cc1;-1.146128035678238
CHEMBL521650;O=C(O)CCNC(=O)c1ccc(CN(c2ccc(C3=CCCCC3)cc2)c2nc(-c3ccccc3)cs2)cc1;-2.113943352306837
CHEMBL523847;Cc1cc(N(Cc2ccc(C(=O)NCCC(=O)O)cc2)c2nc(-c3ccc(C(F)(F)F)cc3)cs2)ccc1C(C)C;-2.022014954973233
CHEMBL524883;CCC(C)C1/N=C(/O)CC2/N=C(/O)C(CO)/N=C(/O)C3CCCN3C(=O)C(CSSCC(C(=O)OC)/N=C(/O)C(C)/N=C(/O)C(Cc3c[nH]c4ccccc34)/N=C(/O)C3CCCN3C(=O)C(C(C)O)/N=C(/O)C(CC(N)=O)/N=C(/O)C(Cc3c[nH]c4ccccc34)/N=C(/O)C/N=C(/O)C3CCCN3C1=O)/N=C(/O)C/N=C(/O)C(Cc1c[nH]c3ccccc13)/N=C(/O)C1CCCN1C(=O)C(CC(C)C)/N=C(/O)C/N=C/2O;-2.505149978319906
CHEMBL446821;O=C(O)CCNC(=O)c1ccc(CN(c2ccc3c(c2)CCC3)c2nc(-c3ccc(OC(F)(F)F)cc3)cs2)cc1;-1.9558450793769306
CHEMBL1082723;CC1Cc2c([nH]c3cc(Cl)c(F)cc23)C2(N1)C(O)=Nc1ccc(Cl)cc12;-4.477121254719663
CHEMBL411832;CC(C)(C)C1CCC(N(C(=O)Nc2ccc(OC(F)(F)F)cc2)C2CCOc3cc(C(=O)Nc4nn[nH]n4)ccc32)CC1;-1.583353152541582
CHEMBL444126;O=C(O)CCNC(=O)c1ccc(CN(c2ccc(C3=CCCCC3)cc2)c2nc(-c3ccc(C(F)(F)F)cc3)cs2)cc1;-1.6812412373755872
CHEMBL450411;CC(C)(C)c1ccc(-c2csc(N(Cc3ccc(C(=O)NCCC(=O)O)cc3)c3ccc(C4=CCCCC4)cc3)n2)cc1;-2.071882007306125
CHEMBL362169;CCC(CC)C(=O)Nc1sc2c(c1C(N)=O)CCC(C(C)(C)CC)C2;-2.9395192526186187
CHEMBL448561;O=C(O)CCNC(=O)c1ccc(N(Cc2ccc3c(c2)Cc2ccccc2-3)c2nc(-c3ccc(Cl)cc3)cs2)cc1;-1.749980932798095
CHEMBL218304;COC1CCC(N(Cc2ccc(C(=O)NCCC(=O)O)cc2)C(=O)Nc2ccc(OC(F)(F)F)cc2)CC1;-4.0
CHEMBL507829;CC(C)(C)C1CCC(N(Cc2ccc(C(=O)Nc3nn[nH]n3)cc2)c2nc3ccccc3n2-c2ccccc2)CC1;-2.977723605288848
CHEMBL155687;C[S+]([O-])c1ccc(-c2cc(-c3ccc(F)cc3)c(-c3ccncc3)[nH]2)cc1;-3.041392685158225
CHEMBL439289;CNC(Cc1cnc[nH]1)C(=O)NC(CO)C(=O)NC(CCC(N)=O)C(=O)NCC(=O)NC(C(=O)NC(Cc1ccccc1)C(=O)NC(C(=O)NC(CO)C(=O)NC(CCC(=O)O)C(=O)NC(Cc1ccc(O)cc1)C(=O)NC(CO)C(=O)NC(CCCCN)C(=O)NC(Cc1ccc(O)cc1)C(=O)NC(CC(C)C)C(=O)NC(CC(=O)O)C(=O)NC(CO)C(=O)NC(CCCNC(=N)N)C(=O)NC(CCCNC(=N)N)C(=O)NC(C)C(=O)NC(CCC(N)=O)C(=O)NC(CC(=O)O)C(=O)NC(Cc1ccccc1)C(=O)NC(C(=O)NC(CCC(N)=O)C(=O)NC(Cc1c[nH]c2ccccc12)C(=O)NC(CC(C)C)C(=O)NC(CCSC)C(=O)NC(CC(N)=O)C(=O)NC(C(N)=O)C(C)O)C(C)C)C(C)O)C(C)O;-1.255272505103306
CHEMBL314238;Fc1ccc(-c2[nH]c(-c3ccc(Cl)cc3)nc2-c2ccncc2)cc1;-2.6704072844150857
CHEMBL140586;CC(C)CCc1c(C(C)C)nc(C(C)C)c(CO)c1-c1ccc(F)cc1;-3.0
CHEMBL91652;CSc1ccc(-c2cc(-c3ccncc3)c(-c3ccc(F)cc3)[nH]2)cc1;-1.6440444928147488
CHEMBL106577;CCn1c2ccccc2c2cc(C=NNC(=O)c3ccc(O)c(OC)c3)ccc21;-3.7993405494535817
CHEMBL88486;C[S+]([O-])c1ccc(-c2cc(-c3ccncc3)c(-c3ccc(F)cc3)[nH]2)cc1;-0.725094521081469
CHEMBL219138;CC(C)(C)C1CCC(N(Cc2ccc(C(=O)NCCC(=O)O)cc2)C(=O)Nc2ccc(OCC3CC3)cc2C(F)(F)F)CC1;-2.2600713879850747
CHEMBL323913;CCCc1c(C(C)C)nc(C(C)C)c(C(C)O)c1-c1ccc(F)cc1O;-2.2895906230238126
CHEMBL277627;CCCCCc1c(C(C)C)nc(C(C)C)c(CO)c1-c1ccccc1N;-3.361727836017593
CHEMBL359126;O=C(NN=Cc1cccc2c1ccn2Cc1ccc(Cl)c(Cl)c1)c1ccc(O)c(Cl)c1;-1.4393326938302626
CHEMBL458322;CN(Cc1ccc(C(=O)Nc2nn[nH]n2)cc1)c1nc2ccccc2n1C;-3.0
CHEMBL84917;Fc1ccc(-c2[nH]c(-c3ccc(Br)s3)nc2-c2ccncc2)cc1;-2.692203591154496
CHEMBL371235;CC(C)(C)C1CCC2(CC1)CCN(c1ccc(OC(F)(F)F)cc1)C(=O)N2Cc1ccc(C(=O)NCc2nn[nH]n2)cc1;-2.6296774636540174
CHEMBL197754;CC(C)(C)C1CCC2(CC1)CC(=O)N(c1ccc(OC(F)(F)F)cc1)C(=O)N2Cc1ccc(C(=O)NCCC(=O)O)cc1;-3.2281436075977417
CHEMBL504260;O=C(NCC(O)C(=O)O)c1ccc(CN(c2ccc3c(c2)CCC3)c2nc(-c3ccc(OC(F)(F)F)cc3)cs2)cc1;-2.3521825181113627
CHEMBL454246;CC(C)CC(=O)OC1/C=C\C=C/C(=O)OC2C(C)CC3C2(O)C(O)C2(CO)OC2C2C4OC5(c6ccccc6)OC(C(C)C23O5)C4(O)C(C)(O)CC2CCC1C2C;-0.6020599913279624
CHEMBL577345;CCc1cc(OC)ccc1-c1ccc(CC(NC(=O)C(CC(=O)O)NC(=O)C(CO)NC(=O)C(NC(=O)C(C)(Cc2ccccc2F)NC(=O)C(NC(=O)CNC(=O)C(CCC(=O)O)NC(=O)C(C)(C)NC(=O)C(N)Cc2cnc[nH]2)C(C)O)C(C)O)C(=O)NC(Cc2ccc(-c3ccccc3C)cc2)C(N)=O)cc1;-4.0
CHEMBL198144;CC(C)(C)C1CCC2(CC1)C(=O)N(c1ccc(OC(F)(F)F)cc1)C(=O)N2Cc1ccc(C(=O)Nc2nn[nH]n2)cc1;-2.8000293592441343
CHEMBL156777;COc1cc(C=NNC(=O)c2ccc(O)c(Cl)c2)cc(Cl)c1OCCN1CCc2ccccc2C1;-2.6857417386022635
CHEMBL160287;CCCOc1cc(Br)ccc1-c1cc(-c2ccc(Cl)cc2)[nH]c1-c1ccncc1;-1.3580016718173997
CHEMBL161494;COc1cc(CCNC(=O)c2ccc(O)c(Cl)c2)cc(OC)c1OCc1ccc(C(C)C)cc1;-3.278753600952829
CHEMBL219197;CC(C)(C)C1CCC(N(Cc2ccc(C(=O)NCCCC(=O)O)cc2)C(=O)Nc2ccc(OC(F)(F)F)cc2)CC1;-4.0
CHEMBL157226;COc1cc(OCCNCc2ccc(C(F)(F)F)cc2)ccc1C=NNC(=O)c1ccc(O)c(Cl)c1;-2.123851640967086
CHEMBL154498;CN(C)CCN(C)C(=O)Cc1ccc(C=NNC(=O)c2ccc(O)c(Cl)c2)c2ccccc12;-2.6444385894678386
CHEMBL157529;Fc1ccc(-c2cc(-c3ccc(F)cc3)c(-c3ccncc3)[nH]2)cc1;-2.343437621124012
CHEMBL385528;O=C(O)CCNC(=O)c1ccc(CN(C(=O)Nc2ccc(OC(F)(F)F)cc2)c2ccc(C3CCCCC3)cc2)cc1;-1.7853298350107671
CHEMBL425024;CC(C)(C)C1CCC2(CC1)CN(c1cc(Cl)cc(Cl)c1)C(=O)N2Cc1ccc(C(=O)Nc2nn[nH]n2)cc1;-1.810380244997103
CHEMBL518939;CCOc1ccc2c(c1)nc(N(Cc1ccc(C(=O)Nc3nn[nH]n3)cc1)C1CCC(C(C)(C)C)CC1)n2C;-0.8217263382430937
CHEMBL372784;CC(C)(C)C1CCC2(CC1)CN(c1ccc(Cl)cc1Cl)C(=O)N2Cc1ccc(C(=O)Nc2nn[nH]n2)cc1;-2.8037146432413964
CHEMBL528775;CSc1cccc(NC(=O)N(Cc2ccc(C(=O)NCC(O)C(=O)O)cc2)c2ccc(C3CCCCC3)cc2)c1;-0.9542425094393248
CHEMBL379600;COc1ccc(NCCCOc2ccc(C(=O)c3cccc4ccccc34)cc2)cc1;-4.544068044350276
CHEMBL452067;Cc1cc(C)cc(NC(=O)N(Cc2ccc(C(=O)NCC(O)C(=O)O)cc2)C2CCC(C(C)(C)C)CC2)c1;-1.4313637641589874
CHEMBL1644185;O=C(NCC(O)C(=O)O)c1ccc(Cn2nc(-c3cc(Cl)cc(Cl)c3)cc2-c2ccc(OC(F)(F)F)cc2)cc1;-1.4471580313422192
CHEMBL1644186;O=C(NCc1nn[nH]n1)c1ccc(Cn2nc(-c3cc(Cl)cc(Cl)c3)cc2-c2ccc(OC(F)(F)F)cc2)cc1;-2.4460473013452404
CHEMBL1644192;CS(=O)(=O)c1ccc(-c2cc(-c3ccc(OC(F)(F)F)cc3)n(Cc3ccc(C(=O)NCCC(=O)O)cc3)n2)cc1;-3.431363764158988
CHEMBL1644193;CS(=O)(=O)c1ccc(-c2cc(-c3ccc(OC(F)(F)F)cc3)n(Cc3ccc(C(=O)Nc4nn[nH]n4)cc3)n2)cc1;-2.7558748556724915
CHEMBL1644194;CS(=O)(=O)c1ccc(-c2cc(-c3ccc(OC(F)(F)F)cc3)nn2Cc2ccc(C(=O)NCCC(=O)O)cc2)cc1;-3.0791812460476247
CHEMBL1644195;CS(=O)(=O)c1ccc(-c2cc(-c3ccc(OC(F)(F)F)cc3)nn2Cc2ccc(C(=O)Nc3nn[nH]n3)cc2)cc1;-2.342422680822206
CHEMBL1644196;CC(c1ccc(Cl)cc1)c1cc(-c2ccc(OC(F)(F)F)cc2)n(Cc2ccc(C(=O)NCCC(=O)O)cc2)n1;-3.380211241711606
CHEMBL1644182;O=C(Nc1nn[nH]n1)c1ccc(Cn2nc(-c3ccc(OC(F)(F)F)cc3)cc2-c2cc(Cl)cc(Cl)c2)cc1;-1.5501852725587815
CHEMBL1644183;O=C(O)CCNC(=O)c1ccc(Cn2nc(-c3cc(Cl)cc(Cl)c3)cc2-c2ccc(OC(F)(F)F)cc2)cc1;-1.8898453726079585
CHEMBL1644184;O=C(Nc1nn[nH]n1)c1ccc(Cn2nc(-c3cc(Cl)cc(Cl)c3)cc2-c2ccc(OC(F)(F)F)cc2)cc1;-2.0547892734521933
CHEMBL1644187;CC(c1ccc(C(=O)NCCC(=O)O)cc1)n1nc(-c2ccc(OC(F)(F)F)cc2)cc1-c1ccc(OC(F)(F)F)cc1;-2.397940008672037
CHEMBL1644188;CC(c1ccc(C(=O)Nc2nn[nH]n2)cc1)n1nc(-c2ccc(OC(F)(F)F)cc2)cc1-c1ccc(OC(F)(F)F)cc1;-2.613943352306837
CHEMBL1644189;O=C(O)CNC(=O)c1ccc(Cn2nc(-c3ccc(OC(F)(F)F)cc3)cc2-c2ccc(OC(F)(F)F)cc2)cc1;-3.112654640862931
CHEMBL1644190;O=C(O)CCCNC(=O)c1ccc(Cn2nc(-c3ccc(OC(F)(F)F)cc3)cc2-c2ccc(OC(F)(F)F)cc2)cc1;-3.041392685158225
CHEMBL1644191;CN(CCC(=O)O)C(=O)c1ccc(Cn2nc(-c3ccc(OC(F)(F)F)cc3)cc2-c2ccc(OC(F)(F)F)cc2)cc1;-3.857332496431269
CHEMBL1643955;O=C(Nc1nn[nH]n1)c1ccc(Cn2nc(-c3ccc(OC(F)(F)F)cc3)cc2C2CCCCC2)cc1;-2.141650614351775
CHEMBL1643956;O=C(O)CCNC(=O)c1ccc(Cc2cc(-c3ccc(OC(F)(F)F)cc3)nn2C2CCCCC2)cc1;-3.462397997898956
CHEMBL1643952;O=C(O)c1ccc(Cn2nc(C3CCCCC3)cc2-c2ccc(OC(F)(F)F)cc2)cc1;-3.3010299956639813
CHEMBL1643953;O=C(O)CCNC(=O)c1ccc(Cn2nc(-c3ccc(OC(F)(F)F)cc3)cc2C2CCCCC2)cc1;-3.57978359661681
CHEMBL1643954;O=C(Nc1nn[nH]n1)c1ccc(Cn2nc(C3CCCCC3)cc2-c2ccc(OC(F)(F)F)cc2)cc1;-2.908485018878649
CHEMBL1643957;O=C(Nc1nn[nH]n1)c1ccc(Cc2cc(-c3ccc(OC(F)(F)F)cc3)nn2C2CCCCC2)cc1;-3.6232492903979
CHEMBL1643958;O=C(O)CCNC(=O)c1ccc(Cc2cc(-c3ccc(OC(F)(F)F)cc3)n(C3CCCCC3)n2)cc1;-3.230448921378274
CHEMBL1644176;O=C(Nc1nn[nH]n1)c1ccc(Cc2cnn(-c3ccc(OC(F)(F)F)cc3)c2C2CCCCC2)cc1;-4.204119982655925
CHEMBL1644172;O=C(Nc1nn[nH]n1)c1ccc(Cc2cc(-c3ccc(OC(F)(F)F)cc3)n(C3CCCCC3)n2)cc1;-3.462397997898956
CHEMBL1644173;O=C(O)CCNC(=O)c1ccc(Cc2cn(-c3ccc(OC(F)(F)F)cc3)nc2C2CCCCC2)cc1;-3.0791812460476247
CHEMBL1644174;O=C(Nc1nn[nH]n1)c1ccc(Cc2cn(-c3ccc(OC(F)(F)F)cc3)nc2C2CCCCC2)cc1;-3.724275869600789
CHEMBL1644175;O=C(O)CCNC(=O)c1ccc(Cc2cnn(-c3ccc(OC(F)(F)F)cc3)c2C2CCCCC2)cc1;-3.857332496431269
CHEMBL1644179;O=C(O)CCNC(=O)c1ccc(Cn2nc(-c3ccc(OC(F)(F)F)cc3)cc2-c2ccc(OC(F)(F)F)cc2)cc1;-2.6291989020477544
CHEMBL1644177;CC(C)(C)C1CCC(c2cc(-c3ccc(OC(F)(F)F)cc3)nn2Cc2ccc(C(=O)NCCC(=O)O)cc2)CC1;-2.681241237375587
CHEMBL1644180;O=C(Nc1nn[nH]n1)c1ccc(Cn2nc(-c3ccc(OC(F)(F)F)cc3)cc2-c2ccc(OC(F)(F)F)cc2)cc1;-1.652783156757652
CHEMBL1644181;O=C(O)CCNC(=O)c1ccc(Cn2nc(-c3ccc(OC(F)(F)F)cc3)cc2-c2cc(Cl)cc(Cl)c2)cc1;-2.1697257206532203
CHEMBL1644178;CC(C)(C)C1CCC(c2cc(-c3ccc(OC(F)(F)F)cc3)nn2Cc2ccc(C(=O)Nc3nn[nH]n3)cc2)CC1;-2.014894735415928
CHEMBL1644203;O=C(O)CCCNC(=O)c1cccc(Cn2nc(-c3ccc(OC(F)(F)F)cc3)cc2-c2ccc(OC(F)(F)F)cc2)c1;-3.041392685158225
CHEMBL1644202;O=C(O)CNC(=O)c1cccc(Cn2nc(-c3ccc(OC(F)(F)F)cc3)cc2-c2ccc(OC(F)(F)F)cc2)c1;-3.462397997898956
CHEMBL1644197;CC(c1ccc(Cl)cc1)c1cc(-c2ccc(OC(F)(F)F)cc2)n(Cc2ccc(C(=O)Nc3nn[nH]n3)cc2)n1;-2.633468455579586
CHEMBL1644198;CC(c1ccc(Cl)cc1)c1ccc(-c2cc(-c3ccc(OC(F)(F)F)cc3)nn2Cc2ccc(C(=O)NCCC(=O)O)cc2)cc1;-2.863322860120456
CHEMBL1644199;CC(c1ccc(Cl)cc1)c1ccc(-c2cc(-c3ccc(OC(F)(F)F)cc3)nn2Cc2ccc(C(=O)Nc3nn[nH]n3)cc2)cc1;-2.716003343634799
CHEMBL1644200;O=C(O)CCNC(=O)c1cccc(Cn2nc(-c3ccc(OC(F)(F)F)cc3)cc2-c2ccc(OC(F)(F)F)cc2)c1;-2.5185139398778875
CHEMBL1644201;O=C(Nc1nn[nH]n1)c1cccc(Cn2nc(-c3ccc(OC(F)(F)F)cc3)cc2-c2ccc(OC(F)(F)F)cc2)c1;-3.041392685158225
CHEMBL1922930;CCCC(Cc1ccc(C(=O)NCCC(=O)O)cc1)C(=O)c1cc2cc(Cl)ccc2n1-c1cccc(C(F)(F)F)n1;-1.716159752721051
CHEMBL1922932;CCCCC(Cc1ccc(C(=O)NCCC(=O)O)cc1)C(=O)c1cc2cc(Cl)ccc2n1-c1cccc(C(F)(F)F)c1;-1.4136846365269127
CHEMBL1922933;CCCCCC(Cc1ccc(C(=O)NCCC(=O)O)cc1)C(=O)c1cc2cc(Cl)ccc2n1-c1cccc(C(F)(F)F)c1;-1.0395906230238126
CHEMBL1922934;CC(C)CCC(Cc1ccc(C(=O)NCCC(=O)O)cc1)C(=O)c1cc2cc(Cl)ccc2n1-c1cccc(C(F)(F)F)c1;-1.3933757110727807
CHEMBL1922935;O=C(O)CCNC(=O)c1ccc(CC(CC2CC2)C(=O)c2cc3cc(Cl)ccc3n2-c2cccc(C(F)(F)F)c2)cc1;-1.6542822067806195
CHEMBL1922936;CCCCCC(Cc1ccc(C(=O)NCCC(=O)O)cc1)C(=O)c1cc2cc(F)ccc2n1-c1cccc(C(F)(F)F)c1;-1.1505149978319906
CHEMBL1922937;CCCCCC(Cc1ccc(C(=O)NCCC(=O)O)cc1)C(=O)c1cc2cc(OC)ccc2n1-c1cccc(C(F)(F)F)c1;-1.479520696160547
CHEMBL1922839;CCCOc1cc(C(F)(F)F)cc2c1n(C)c(=Nc1ccc(C(C)(C)C)cc1)n2Cc1ccc(C(=O)Nc2nn[nH]n2)cc1;-0.7281830165645216
CHEMBL1922708;CCCCc1cc(C(F)(F)F)cc2c1n(C)c(=Nc1ccc(OC(F)(F)F)cc1)n2Cc1ccc(C(=O)Nc2nn[nH]n2)cc1;-0.5556312568295326
CHEMBL1922709;CCc1cc(C(F)(F)F)cc2c1n(C)c(=Nc1ccc(C)cc1)n2Cc1ccc(C(=O)Nc2nn[nH]n2)cc1;-2.1324089115047684
CHEMBL1922710;CCc1cc(C(F)(F)F)cc2c1n(C)c(=Nc1ccc(C(C)(C)C)cc1)n2Cc1ccc(C(=O)Nc2nn[nH]n2)cc1;-0.9369507989322308
CHEMBL1922711;CCc1cc(C(F)(F)F)cc2c1n(C)c(=Nc1ccc(F)cc1)n2Cc1ccc(C(=O)Nc2nn[nH]n2)cc1;-2.560286965602925
CHEMBL1922713;COc1cc(Cl)cc2c1n(C)c(=Nc1ccc(OC(F)(F)F)cc1)n2Cc1ccc(C(=O)Nc2nn[nH]n2)cc1;-1.4712520530840405
CHEMBL1922714;CCOc1cc(C(F)(F)F)cc2c1n(C)c(=Nc1ccc(OC(F)(F)F)cc1)n2Cc1ccc(C(=O)Nc2nn[nH]n2)cc1;-0.8027602617187345
CHEMBL1922715;CCOc1cc(Cl)cc2c1n(C)c(=Nc1ccc(OC(F)(F)F)cc1)n2Cc1ccc(C(=O)Nc2nn[nH]n2)cc1;-1.061925820483543
CHEMBL1922840;CCCOc1cc(C(F)(F)F)cc2c1n(C)c(=Nc1ccc(C(F)(F)F)cc1)n2Cc1ccc(C(=O)Nc2nn[nH]n2)cc1;-0.9621396430309408
CHEMBL1922836;CCCCOc1cc(C(F)(F)F)cc2c1n(C)c(=Nc1ccc(OC(F)(F)F)cc1)n2Cc1ccc(C(=O)Nc2nn[nH]n2)cc1;-0.9692598625882459
CHEMBL1922837;CCCCOc1cc(Cl)cc2c1n(C)c(=Nc1ccc(OC(F)(F)F)cc1)n2Cc1ccc(C(=O)Nc2nn[nH]n2)cc1;-1.1215190243431472
CHEMBL1922838;CC(C)Oc1cc(Cl)cc2c1n(C)c(=Nc1ccc(OC(F)(F)F)cc1)n2Cc1ccc(C(=O)Nc2nn[nH]n2)cc1;-1.2154404732264457
CHEMBL1922699;CC(C)n1c(=Nc2ccc(OC(F)(F)F)cc2)n(Cc2ccc(C(=O)Nc3nn[nH]n3)cc2)c2cc(Cl)c(Cl)cc21;-2.064199634358903
CHEMBL1922700;COCCn1c(=Nc2ccc(OC(F)(F)F)cc2)n(Cc2ccc(C(=O)Nc3nn[nH]n3)cc2)c2cc(Cl)c(Cl)cc21;-2.5051499783199063
CHEMBL1922701;CCCOc1cccc2c1n(C)c(=Nc1ccc(OC(F)(F)F)cc1)n2Cc1ccc(C(=O)Nc2nn[nH]n2)cc1;-2.0105946495349687
CHEMBL1922702;Cn1c(=Nc2ccc(OC(F)(F)F)cc2)n(Cc2ccc(C(=O)Nc3nn[nH]n3)cc2)c2cc(C(F)(F)F)ccc21;-1.4020697161676752
CHEMBL1921810;Cn1c(=Nc2ccc(OC(F)(F)F)cc2)n(Cc2ccc(C(=O)Nc3nn[nH]n3)cc2)c2cc(OC(F)(F)F)ccc21;-1.817741873407456
CHEMBL1922844;CCCOc1cc(C(F)(F)F)cc2c1n(C)c(=Nc1ccc(F)c(C(F)(F)F)c1)n2Cc1ccc(C(=O)Nc2nn[nH]n2)cc1;-1.0163093804253598
CHEMBL1922845;Cn1c(N(Cc2ccc(C(=O)Nc3nn[nH]n3)cc2)c2ccc(OC(F)(F)F)cc2)nc2cc(Cl)c(Cl)cc21;-2.052414201826828
CHEMBL1922698;CCCn1c(=Nc2ccc(OC(F)(F)F)cc2)n(Cc2ccc(C(=O)Nc3nn[nH]n3)cc2)c2cc(Cl)c(Cl)cc21;-1.4657289353445027
CHEMBL1922707;CCc1cc(C(F)(F)F)cc2c1n(C)c(=Nc1ccc(OC(F)(F)F)cc1)n2Cc1ccc(C(=O)Nc2nn[nH]n2)cc1;-1.1919076829902155
CHEMBL1922914;O=C(Nc1nn[nH]n1)c1ccc(Cn2c(C(=O)c3ccc(OC(F)(F)F)cc3)cc3ccc(C(F)(F)F)cc32)cc1;-1.7075701760979365
CHEMBL1922915;CCCC(Cc1ccc(C(=O)NCCC(=O)O)cc1)C(=O)c1cc2cc(Cl)ccc2n1Cc1ccc(C(C)(C)C)cc1;-1.2041199826559248
CHEMBL1922916;CCCC(Cc1ccc(C(=O)NCCC(=O)O)cc1)C(=O)c1cc2cc(Cl)ccc2n1-c1ccc(C(C)(C)C)cc1;-1.7160033436347992
CHEMBL1922917;CCCC(Cc1ccc(C(=O)NCCC(=O)O)cc1)C(=O)c1cc2cc(Cl)ccc2n1-c1ccc(Cl)cc1;-1.7525749891599531
CHEMBL1922922;CCCC(Cc1ccc(C(=O)NCCC(=O)O)cc1)C(=O)c1cc2cc(Cl)ccc2n1-c1cccc(F)c1;-1.9240945584956994
CHEMBL1922927;CCCC(Cc1ccc(C(=O)NCCC(=O)O)cc1)C(=O)c1cc2cc(Cl)ccc2n1-c1ccc2cc(OC)ccc2c1;-1.7546012611655515
CHEMBL1922696;Cn1c(=Nc2ccc(OC(F)(F)F)cc2)n(Cc2ccc(C(=O)Nc3nn[nH]n3)cc2)c2cc(Cl)c(Cl)cc21;-0.9818939136727776
CHEMBL1922697;CCn1c(=Nc2ccc(OC(F)(F)F)cc2)n(Cc2ccc(C(=O)Nc3nn[nH]n3)cc2)c2cc(Cl)c(Cl)cc21;-1.559297682611881
CHEMBL1922918;CCCC(Cc1ccc(C(=O)NCCC(=O)O)cc1)C(=O)c1cc2cc(Cl)ccc2n1-c1ccc(OC(F)(F)F)cc1;-1.5501852725587812
CHEMBL1922919;CCCC(Cc1ccc(C(=O)NCCC(=O)O)cc1)C(=O)c1cc2cc(Cl)ccc2n1-c1ccc(C(F)(F)F)cc1;-1.4842414742769674
CHEMBL1922920;CCCC(Cc1ccc(C(=O)NCCC(=O)O)cc1)C(=O)c1cc2cc(Cl)ccc2n1-c1cccc(OC(F)(F)F)c1;-1.4621396430309408
CHEMBL1922921;CCCC(Cc1ccc(C(=O)NCCC(=O)O)cc1)C(=O)c1cc2cc(Cl)ccc2n1-c1cccc(C(F)(F)F)c1;-1.485405805436259
CHEMBL1922923;CCCC(Cc1ccc(C(=O)NCCC(=O)O)cc1)C(=O)c1cc2cc(Cl)ccc2n1-c1cc(Cl)cc(Cl)c1;-2.041392685158225
CHEMBL1922834;CCCOc1cc(C(F)(F)F)cc2c1n(C)c(=Nc1ccc(OC(F)(F)F)cc1)n2Cc1ccc(C(=O)Nc2nn[nH]n2)cc1;-0.6630654783553973
CHEMBL1922835;CCCOc1cc(Cl)cc2c1n(C)c(=Nc1ccc(OC(F)(F)F)cc1)n2Cc1ccc(C(=O)Nc2nn[nH]n2)cc1;-1.0989158466644513
CHEMBL1922924;CCCC(Cc1ccc(C(=O)NCCC(=O)O)cc1)C(=O)c1cc2cc(Cl)ccc2n1-c1cc(C)cc(C)c1;-2.0791812460476247
CHEMBL1922925;CCCC(Cc1ccc(C(=O)NCCC(=O)O)cc1)C(=O)c1cc2cc(Cl)ccc2n1-c1ccc(OC)c(C(F)(F)F)c1;-1.4763962215220459
CHEMBL1922926;CCCC(Cc1ccc(C(=O)NCCC(=O)O)cc1)C(=O)c1cc2cc(Cl)ccc2n1-c1ccc(Cl)c(C(F)(F)F)c1;-1.1548150837129496
CHEMBL1922928;CCCC(Cc1ccc(C(=O)NCCC(=O)O)cc1)C(=O)c1cc2cc(Cl)ccc2n1-c1ccc2c(c1)OCCO2;-1.5686770556853664
CHEMBL1922929;CCCC(Cc1ccc(C(=O)NCCC(=O)O)cc1)C(=O)c1cc2cc(Cl)ccc2n1-c1cnc2ccccc2c1;-2.3097762189026185
CHEMBL1922841;CCCOc1cc(C(F)(F)F)cc2c1n(C)c(=Nc1cccc(OC(F)(F)F)c1)n2Cc1ccc(C(=O)Nc2nn[nH]n2)cc1;-1.0501852725587815
CHEMBL1922842;CCCOc1cc(C(F)(F)F)cc2c1n(C)c(=Nc1cccc(C(F)(F)F)c1)n2Cc1ccc(C(=O)Nc2nn[nH]n2)cc1;-1.4168921873282394
CHEMBL1922843;CCCOc1cc(C(F)(F)F)cc2c1n(C)c(=Nc1ccc(C)c(C(F)(F)F)c1)n2Cc1ccc(C(=O)Nc2nn[nH]n2)cc1;-1.2124408183155335
CHEMBL1922703;Cn1c(=Nc2ccc(OC(F)(F)F)cc2)n(Cc2ccc(C(=O)Nc3nn[nH]n3)cc2)c2cc(Cl)ccc21;-1.6187718690714372
CHEMBL1922704;CCCOc1ccc2c(c1)n(Cc1ccc(C(=O)Nc3nn[nH]n3)cc1)c(=Nc1ccc(OC(F)(F)F)cc1)n2C;-2.4097719677709346
CHEMBL1922705;Cn1c(=Nc2ccc(OC(F)(F)F)cc2)n(Cc2ccc(C(=O)Nc3nn[nH]n3)cc2)c2ccc(Cl)cc21;-2.1116181365514985
CHEMBL1922706;Cc1cc(C(F)(F)F)cc2c1n(C)c(=Nc1ccc(OC(F)(F)F)cc1)n2Cc1ccc(C(=O)Nc2nn[nH]n2)cc1;-1.7955323035132498
CHEMBL1922712;COc1cc(C(F)(F)F)cc2c1n(C)c(=Nc1ccc(OC(F)(F)F)cc1)n2Cc1ccc(C(=O)Nc2nn[nH]n2)cc1;-1.2659309745479048
CHEMBL1922938;CCCCCC(Cc1ccc(C(=O)NCCC(=O)O)cc1)C(=O)c1cc2cc(OC(F)(F)F)ccc2n1-c1cccc(C(F)(F)F)c1;-0.9931618885253828
CHEMBL1922939;CCCCCC(Cc1ccc(C(=O)NCCC(=O)O)cc1)C(=O)c1cc2cc(C(F)(F)F)ccc2n1-c1cccc(C(F)(F)F)c1;-1.423786329571056
CHEMBL1922940;CCCCCC(Cc1ccc(C(=O)NCCC(=O)O)cc1)C(=O)c1cc2cc(C)ccc2n1-c1cccc(C(F)(F)F)c1;-1.2296962438796153
CHEMBL1933349;COc1ccc2cc(-c3cc(-c4cc(Cl)cc(Cl)c4)nn3C(C)c3ccc(C(=O)NCCC(=O)O)cc3)ccc2c1;-1.837992540495407
CHEMBL232224;CC(C)(C)C1CCC(N(C(=O)Cc2ccc(OC(F)(F)F)cc2)C2CCc3cc(C(=O)NCCC(=O)O)ccc32)CC1;-1.4771212547196624
CHEMBL2111565;O=C(NN=Cc1cccc2c(OCc3ccc(OC(F)(F)F)cc3)cccc12)c1ccc(O)c(Cl)c1;-1.110589710299249
CHEMBL2112041;COCc1ccc(C=NNC(=O)c2ccc(O)c(Cl)c2)c2ccccc12;-1.877946951629188
CHEMBL2111262;NC(=O)C(Cc1ccccc1)Nc1ccc(C=NNC(=O)c2ccc(O)c(Cl)c2)c2ccccc12;-0.8692317197309762
CHEMBL2159332;O=C(O)CCNC(=O)c1ccc(Cn2nc(-c3cc(Cl)cc(Cl)c3)cc2-c2ccc3ccc(OC(F)(F)F)cc3c2)cc1;-2.0419984161210487
CHEMBL2159346;COc1ccc2cc(-c3cc(C(C)(C)C)nn3C(C)c3ccc(C(=O)NCCC(=O)O)cc3)ccc2c1;-1.9730885295791363
CHEMBL2159325;O=C(O)CCNC(=O)c1ccc(Cn2nc(-c3cc(Cl)cc(Cl)c3)cc2-c2ccccc2OC(F)(F)F)cc1;-2.72222246396973
CHEMBL2159328;O=C(O)CCNC(=O)c1ccc(Cn2nc(-c3cc(Cl)cc(Cl)c3)cc2-c2ccc3ccccc3c2)cc1;-1.7748142451242335
CHEMBL2159327;CCCOc1ccc(-c2cc(-c3cc(Cl)cc(Cl)c3)nn2Cc2ccc(C(=O)NCCC(=O)O)cc2)cc1Cl;-1.790834340260845
CHEMBL2159334;CC(c1ccc(C(=O)NCCC(=O)O)cc1)n1nc(-c2cc(Cl)cc(Cl)c2)cc1-c1ccc(OC(F)(F)F)cc1;-1.9453013177633642
CHEMBL2159341;Cc1ccc2cc(-c3cc(-c4cc(Cl)cc(Cl)c4)nn3C(C)c3ccc(C(=O)NCCC(=O)O)cc3)ccc2c1;-0.7689095475366371
CHEMBL2159349;COc1ccc2cc(-c3cc(-c4cc(Cl)cc(C(F)(F)F)c4)nn3C(C)c3ccc(C(=O)NCCC(=O)O)cc3)ccc2c1;-0.5173142283126602
CHEMBL2159352;COc1ccc2cc(-c3cc(-c4cc(C(F)(F)F)ccc4C)nn3C(C)c3ccc(C(=O)NCCC(=O)O)cc3)ccc2c1;-1.2031167556871616
CHEMBL2159338;CC(c1ccc(C(=O)NCCC(=O)O)cc1)n1nc(-c2cc(Cl)cc(Cl)c2)cc1-c1ccc2cc(OC(F)(F)F)ccc2c1;-1.0517031645431407
CHEMBL2159350;COc1cc(Cl)cc(-c2cc(-c3ccc4cc(OC)ccc4c3)n(C(C)c3ccc(C(=O)NCCC(=O)O)cc3)n2)c1;-1.5010657448377296
CHEMBL2159342;CC(C)c1ccc2cc(-c3cc(-c4cc(Cl)cc(Cl)c4)nn3C(C)c3ccc(C(=O)NCCC(=O)O)cc3)ccc2c1;-0.8786600482733362
CHEMBL2159333;O=C(O)CCNC(=O)c1ccc(Cn2nc(-c3cc(Cl)cc(Cl)c3)cc2-c2ccc3cccc(OC(F)(F)F)c3c2)cc1;-2.23221272834858
CHEMBL2159348;COc1ccc2cc(-c3cc(-c4ccc(Cl)c(Cl)c4)nn3C(C)c3ccc(C(=O)NCCC(=O)O)cc3)ccc2c1;-0.9573302152946109
CHEMBL2159344;CC(c1ccc(C(=O)NCCC(=O)O)cc1)n1nc(-c2cc(Cl)cc(Cl)c2)cc1-c1ccccc1C1CCCCC1;-2.543426824393136
CHEMBL2159343;CCOc1ccc2cc(-c3cc(-c4cc(Cl)cc(Cl)c4)nn3C(C)c3ccc(C(=O)NCCC(=O)O)cc3)ccc2c1;-1.1406985109243781
CHEMBL2159339;CC(c1ccc(C(=O)NCCC(=O)O)cc1)n1nc(-c2cc(Cl)cc(Cl)c2)cc1-c1ccc2cc(C(F)(F)F)ccc2c1;-1.0893014451702947
CHEMBL2159335;CCCOc1ccc(-c2cc(-c3cc(Cl)cc(Cl)c3)nn2C(C)c2ccc(C(=O)NCCC(=O)O)cc2)cc1Cl;-1.5078474942632591
CHEMBL2159340;CC(c1ccc(C(=O)NCCC(=O)O)cc1)n1nc(-c2cc(Cl)cc(Cl)c2)cc1-c1ccc2cc(Cl)ccc2c1;-0.9859856381998783
CHEMBL2159345;COc1ccc2cc(-c3cc(C(F)(F)F)nn3C(C)c3ccc(C(=O)NCCC(=O)O)cc3)ccc2c1;-1.4923603950308666
CHEMBL2159330;O=C(O)CCNC(=O)c1ccc(Cn2nc(-c3cc(Cl)cc(Cl)c3)cc2-c2ccc3c(OC(F)(F)F)cccc3c2)cc1;-1.8325605635622488
CHEMBL2159329;COc1ccc2cc(-c3cc(-c4cc(Cl)cc(Cl)c4)nn3Cc3ccc(C(=O)NCCC(=O)O)cc3)ccc2c1;-1.5758442407882147
CHEMBL2159326;O=C(O)CCNC(=O)c1ccc(Cn2nc(-c3cc(Cl)cc(Cl)c3)cc2-c2cccc(OC(F)(F)F)c2)cc1;-2.372524897748437
CHEMBL2159351;CCCOc1cc(Cl)cc(-c2cc(-c3ccc4cc(OC)ccc4c3)n(C(C)c3ccc(C(=O)NCCC(=O)O)cc3)n2)c1;-1.2563955446856716
CHEMBL2159347;COc1ccc2cc(-c3cc(-c4cc(Cl)ccc4Cl)nn3C(C)c3ccc(C(=O)NCCC(=O)O)cc3)ccc2c1;-0.967879551872656
CHEMBL2159331;O=C(O)CCNC(=O)c1ccc(Cn2nc(-c3cc(Cl)cc(Cl)c3)cc2-c2ccc3cc(OC(F)(F)F)ccc3c2)cc1;-1.1942459809179
CHEMBL2159353;COc1ccc2cc(-c3cc(-c4cc(C(F)(F)F)ccc4F)nn3C(C)c3ccc(C(=O)NCCC(=O)O)cc3)ccc2c1;-0.8513444840795668
CHEMBL2435136;C[S+]([O-])c1ccc(C2=NC(c3ccncc3)=C(c3ccc(F)cc3)C2)cc1;-2.82700074195129
CHEMBL2435137;CSc1ccc(C2=NC(c3ccncc3)=C(c3ccc(F)cc3)C2)cc1;-3.0900004339126097
